NRE,ESCOLA,Total de estudantes que farão o TOIC,Quantidade de Aplicadores,Responsável pelo Teste,Responsável Técnico e Infraestrutura 
APUCARANA,"ABRAHAM LINCOLN, C E-EF ETI EM",28,2,1,1
,"ALBERTO SANTOS DUMONT, C E C-M-EF M P",13,1,1,1
,"ALVORADA DA INFANCIA, C E C-EF M",2,1,1,1
,"ANESIO A DE AZEVEDO, C E PROF-EF M",26,2,1,1
,"ANGELO CASAGRANDE, C E PE-EF M N PROFIS",45,3,1,1
,"ANTONIO G NOVAES, C E-EF M PROFIS",103,4,1,1
,"ANTONIO RACANELLO SAMPAIO, C E-EF M",39,2,1,1
,"ANTONIO T R DE OLIVEIRA, C E-EF M ETI",8,1,1,1
,"CARAVELAS,C E C-M MARQUES DE-EF M PROFIS",19,1,1,1
,"CARLOS MASSARETTO, C E C-M PREF-EF M",10,1,1,1
,CENTRO EST EDUC PROF AGR MANOEL RIBAS,34,2,1,1
,"CESAR LATTES, C E-EF M",7,1,1,1
,"EMILIO DE MENEZES, C E-EF M N PROFIS",40,2,1,1
,"ERICO VERISSIMO, C E-EF M N ETI PROFIS",75,4,1,1
,"FERNANDO SONTAG, C E C-EF M",2,1,1,1
,"FRANCISCO F BASTOS, C E C-M-EF M PROFIS",18,1,1,1
,GODOMA B DE OLIVEIRA C E C PROF-EF M,29,2,1,1
,"GUALTER FARIAS NEGRAO, C E C PE-EFM ETI",14,1,1,1
,"HEITOR C A FURTADO, C E C-M-EF M PROFIS",4,1,1,1
,"HERMINIA R LUPION, C E C-M -EFMP",9,1,1,1
,"IRONDI MANTOVANI PUGLIESI, C E C-M-EFMP",1,1,1,1
,"IVANILDE DE NORONHA, C E C-M -EF ETI EM",19,1,1,1
,"IZIDORO L CERAVOLO,C E PROF-EF M PROFIS",37,2,1,1
,"JANDAIA DO SUL, C E C-M-EF M",48,3,1,1
,"JOAO PAULO I, C E-EF M PROFIS",20,1,1,1
,"JOAO PLATH, C E-EF M N PROFIS",40,2,1,1
,"JOSE CANALE, C E C-M PE-EF M PROFIS",9,1,1,1
,"JOSE DE ANCHIETA, C E C-M PE-EF M PROFIS",7,1,1,1
,"JOSE DE ANCHIETA, C E-EF M PROFIS",41,3,1,1
,"JULIO JUNQUEIRA, C E C DR-EF ETI EM",5,1,1,1
,"LUIZ J DOS SANTOS, C E C CEL-EF M PROFIS",36,2,1,1
,"MARUMBI, C E-EF ETI EM",47,3,1,1
,"NADIR M MONTANHA, C E PROFA-EF M PROFIS",11,1,1,1
,"NILO CAIRO, C E-EF M N PROFIS",30,2,1,1
,"OLAVO BILAC, C E C-M-EF M P",24,2,1,1
,"OSMAR GUARACY FREIRE, C E C-M-EF M P",11,1,1,1
,"POLIVALENTE C D SILVA, C E C-M-EF M P",30,2,1,1
,"REBOUCAS, C E DO C DR-EF ETI EM",7,1,1,1
,"ROSA D CALSAVARA, C E C-M-EF M PROFIS",30,2,1,1
,"RUI BARBOSA, C E-EF M ETI PROFIS",39,2,1,1
,"SABAUDIA, C E-EF M",23,2,1,1
,"SAO BARTOLOMEU, C E-EF M",7,1,1,1
,"TADASHI ENOMOTO, C E C-M-EF M",3,1,1,1
,"TALITA BRESOLIN, C E-EF ETI EM PROFIS",46,3,1,1
,"TANCREDO NEVES, C E C-EF ETI EM",12,1,1,1
,"TOME DE SOUZA, C E-EF M",31,2,1,1
,"UNIDADE POLO, C E-EF M P",48,3,1,1
,"UNIDADE POLO, C E-EF M PROFIS",2,1,1,1
,"VILSON MIRANDA, C E-EF ETI EM",23,2,1,1
,"WALFREDO S CORREA, C E C-M-EF M PROFIS",26,2,1,1
AREA METROP.NORTE,"ABRAHAM LINCOLN, C E PRES-EF M N PROFIS",39,2,1,1
,"ALBERTO KRAUSE, C E C-M PROF-EF M P",6,1,1,1
,"ALFREDO CHAVES, C E C-M-E F M P",19,1,1,1
,"ALGATE LICKFELD MAUS, C E PROFA-EF M",5,1,1,1
,"ALTAIR DA SILVA LEME, C E PROF-EF M P",13,1,1,1
,"AMBROSIO BINI, C E-EF M PROFIS",28,2,1,1
,"AMYNTAS DE BARROS, C E-EF M PROFIS",13,1,1,1
,"ANDRE ANDREATTA, C E-EF M PROFIS",17,1,1,1
,"ANGELA SANDRI TEIXEIRA, C E PROF-EF M P",19,1,1,1
,"ANTONIO L BRAGA, C E-EFMPN",15,1,1,1
,"ARLINDA F CREPLIVE, C E-EFMNP",8,1,1,1
,"ARNALDO F BUSATO,C E DEP-EF M N PROFIS",32,2,1,1
,"AUGUSTO A DA PAIXAO, C E C-EF M",12,1,1,1
,"BANDEIRANTES, C E-EF M N P",15,1,1,1
,"BEDA MARIA, C E FR-EF M N",1,1,1,1
,"BENTO M DA ROCHA NETO, C E-EF M PROFIS",14,1,1,1
,"CAMPO MAGRO, C E-EF M PROFIS",1,1,1,1
,"CAMPOS SALES, C E-EF M PROFIS",6,1,1,1
,CENTRO EST EDUC PROFIS NEWTON F MAIA,44,3,1,1
,"DANIEL ROCHA, C E PROF-EF M PROFIS",16,1,1,1
,"DANILO ZANONA RIBEIRO, CEC PROF - EF MP",3,1,1,1
,"DIOGO RAMOS, C E QUILOMBOLA-EF M",1,1,1,1
,"DIVINA PASTORA, C E-EF M",5,1,1,1
,"DJALMA JOHNSSON, C E PREF-EF M",12,1,1,1
,"EDIMAR WRIGHT, C E PROF-EF M N PROFIS",30,2,1,1
,"ELIAS ABRAHAO, C E C-M-EF M PROFIS",21,2,1,1
,"EMILIA BUZATO, C E C-M EF M PROFIS",7,1,1,1
,"FLORIPA TEIXEIRA DE FARIA, C E-EF M PROF",28,2,1,1
,"GENESIO MORESCHI, C E-EFMP",53,3,1,1
,"GILBERTO A DO NASCIMENTO, C E DR-EFMNP",16,1,1,1
,"GUARAITUBA, C E DE-EF M P",19,1,1,1
,"HELENA KOLODY, C E-EF M PROF",15,1,1,1
,"HERACLITO F SOBRAL PINTO, C E-EF M PROFI",16,1,1,1
,"HUMBERTO A CASTELO BRANCO,C E-EF M PROFI",29,2,1,1
,"IEDO NESPOLO, C E PROF-EF M",29,2,1,1
,"IRIA BORGES DE MACEDO, C E PROFA-EFM",7,1,1,1
,"ISABEL, C E PRINC-EF M N PROFIS",27,2,1,1
,"IVAN F DO AMARAL FILHO, C E C-M EF M P",10,1,1,1
,"IVANETE M DE SOUZA, C E-EF M N P",39,2,1,1
,"JACI REAL P OLIVEIRA, C E C-M PROFA-EFMP",5,1,1,1
,"JARDIM APUCARANA, C E-EF MP",9,1,1,1
,"JARDIM BOA VISTA, C E-EF M P",10,1,1,1
,"JARDIM PARAISO, C E-EF M",14,1,1,1
,"JOAO BATISTA VERA, C E-E F M P",20,1,1,1
,"JOAO BOSCO, C E C-M D-EF M",5,1,1,1
,"JOAO GUENO, C E-EF M PROFIS",3,1,1,1
,"JOAO MARIA DE BARROS, C E PREF-EF M N PR",20,1,1,1
,"JOAO R DE CAMARGO, C E C-M E F M P",6,1,1,1
,"JOSE ELIAS, C E C-EF M",1,1,1,1
,"JOSE ERMIRIO DE MORAES, C E-EF M P",31,2,1,1
,"JOSE PIOLI, C E-EF M PROFIS",31,2,1,1
,"JULIA CAVASSIN, C E-EF M P",23,2,1,1
,"LAMENHA PEQUENA, C E-EF M",2,1,1,1
,"LEOCADIA B RAMOS, C E-EF M PROFIS",72,4,1,1
,"LINDAMIR ALBERTI, C E-E F M P",9,1,1,1
,"LUARLINDO DOS REIS BORGES, C E-EF M",12,1,1,1
,"LUIZ MALTACA, C E C-M VER-EF M PROFIS",33,2,1,1
,"LUIZ SEBASTIAO BALDO, C E-E F M P",28,2,1,1
,"MANOEL B.DE MACEDO, C E C-M PROF-EF M P",9,1,1,1
,"MARIA DA LUZ FURQUIM, C E-EF M N PROFIS",12,1,1,1
,"MARIA L DE PAULA, C E C-M PROFA-EF M P",2,1,1,1
,"MARIO B T BRAGA, C E PROF-EFMNP",37,2,1,1
,"MATHIAS JACOMEL, C E-EF M PROFIS",26,2,1,1
,"NOSSA SRA CONCEICAO, C E DO C-EF ETI EMP",14,1,1,1
,"OTTILIA H DA SILVA, C E PROFA-EF M PROF",31,2,1,1
,"PAULO FREIRE, C E PROF-EF ETI EM",27,2,1,1
,"PEDRO PIEKAS, C E VER-EF M PROFIS",3,1,1,1
,"PERCY TEIXEIRA FARIA, CEC PROF-EF ETI EM",2,1,1,1
,"PLANTA DEODORO, C E C-M EF M",4,1,1,1
,"PLINIO A M TOURINHO, C E PROF-EFM PROFIS",29,2,1,1
,"PORTO NOVO, C E C-EF M",23,2,1,1
,"QUIELSE C DA SILVA,C E CON-EF M P N",27,2,1,1
,"RAULINO COSTACURTA, C E VER-EF M PROFIS",15,1,1,1
,"ROMARIO MARTINS, C E-EF M PROFIS",19,1,1,1
,"ROSILDA DE S OLIVEIRA, C E PROFA-EF M P",18,1,1,1
,"RUI BARBOSA, C E C-M-EF M PROF",15,1,1,1
,"SALTO GRANDE DO TURVO, C E C-EF M",6,1,1,1
,"SANTA BARBARA, C E-EF M N",6,1,1,1
,"SAO FRANCISCO DE ASSIS, C E-EF ETI EM",9,1,1,1
,"SELBMANN, C E C ENS FUND E MED",9,1,1,1
,"SEMIRAMIS DE B BRAGA, C E C-M-EF M PROFI",26,2,1,1
,"SEVERO FERREIRA RUPPEL, C E-EF M PROFIS",23,2,1,1
,"SHIRLENE DE SOUZA ROCHA, C E-EF M",15,1,1,1
,"SPRENGER, C E TEN-EF M N PROFIS",9,1,1,1
,"TANCREDO DE A NEVES, C E-EF M",25,2,1,1
,"TANCREDO DE A NEVES, C E-EF M P",20,1,1,1
,"TANCREDO NEVES, C E-EF M P",4,1,1,1
,"THEODORO DE BONA, C E-EF M PROFIS N",23,2,1,1
,"TIMBU VELHO, C E-EF M PROFIS",23,2,1,1
,"VILA AJAMBI, C E DE-EF M",5,1,1,1
,"VILA MACEDO, C E C-M-EF M",7,1,1,1
,"WALDE ROSI GALVAO, C E-EF M",9,1,1,1
,"ZACARIAS C.DE CRISTO, C E-EF M P",6,1,1,1
,"ZUMBI DOS PALMARES, C E-EFMNP",7,1,1,1
AREA METROP.SUL,"1 CENTENARIO, C E C-M-EF M P",19,1,1,1
,"ABILIO LOURENCO DOS SANTOS, C E-EFMPN",37,2,1,1
,"ADHELMAR SICURO, C E C DR-EF M",13,1,1,1
,"AFONSO PENA, C E-EF M PROFIS",42,3,1,1
,"AGALVIRA B PINTO, C E PROFA-EFMP",12,1,1,1
,"ALBINA NOVAK MUGINOSKI, C E PROFA-EF M",1,1,1,1
,"ALFREDO GREIPEL JUNIOR, C E C-E F M P",24,2,1,1
,"ALOISIO, C E C PROF-EF M",2,1,1,1
,"ALVINO SCHELBAUER, C E-EF M",14,1,1,1
,"AMBROSIA SABATOVICH, C E C IR-EF M",6,1,1,1
,"ANA MARIA V KAVA, C E C PROFA- E F M P",2,1,1,1
,"ANA SCHELBAUER B DE OLIVEIRA, C E C-EF M",2,1,1,1
,"ANDERSON RANGEL, C E C-M PROF-EF M",12,1,1,1
,"ANGELINA A C DO PRADO, C E PROFA-EFMP",33,2,1,1
,"ANGELO GEQUELIN, C E VER-EF M",27,2,1,1
,"ANITA CANET, C E-EF M",16,1,1,1
,"ANITA CANET, C E-EF M P",43,3,1,1
,"ANTONINA, C E BAR DE-EF M PROFIS",11,1,1,1
,"ANTONIO LACERDA BRAGA, CEC-EFM ETI PROFI",16,1,1,1
,"ANTONIO VIEIRA, C E C-M PE-EFMP",22,2,1,1
,"ARAUCARIA, C E C-EF ETI EM",4,1,1,1
,"ARNALDO JANSEN, C E C-M PE-EF M PROFIS",55,3,1,1
,"AUGUSTO VANIN, C E-EF M ETI P",12,1,1,1
,"BARRO PRETO, C E-EF M",11,1,1,1
,"BAYARD OSNA, C E DR-EF M",6,1,1,1
,"CAETANO M DA ROCHA, C E DO C DR-EF M",28,2,1,1
,"CAETANO M ROCHA, C E C-M PRES-EF M",11,1,1,1
,"CARNEIRO, C E C-M GAL-EF M",6,1,1,1
,"CASEMIRO KARMAN, C E-E F M ETI PROFIS",6,1,1,1
,"CECILIA MEIRELES, C E-EF M",5,1,1,1
,CEEP DE FAZDA RIO GRAND EROT ANG NICHELE,168,4,1,1
,CENTRO EST EDUC PROFIS AGRIC DA LAPA,111,4,1,1
,CENTRO EST EDUC PROFIS LYSIMACO F COSTA,53,3,1,1
,"CHICO MENDES, C E C-M-EF M",23,2,1,1
,"CLOTARIO PORTUGAL, C E DES-EF M PROFIS",31,2,1,1
,"COLONIA MALHADA, C E C-EF M PROFIS",8,1,1,1
,"COLONIA MURICI, C E DA-EF M PROFIS",19,1,1,1
,"CONTESTADO, C E C-EF M",3,1,1,1
,"COSTA VIANA, C E-EF M PROFIS N",49,3,1,1
,"CUNHA PEREIRA, C E DES-EF M",48,3,1,1
,"DARLEI ADAD, C E-EF M P",13,1,1,1
,"DECIO DOSSI, C E DR-EF M PROFIS",26,2,1,1
,"DIAS DA ROCHA, C E C-M-EF M P",7,1,1,1
,"DJALMA MARINHO, C E C-M-EF M PROFIS",15,1,1,1
,"DOCE FINO, C E C DE-EF M P",20,1,1,1
,"DONOZOR N NOGUEIRA, C E VER-EF M",29,2,1,1
,"EDITHE, C E PROFA-EF M",5,1,1,1
,"ELEUTERIO F DE ANDRADE, C E C-M-EF M P",33,2,1,1
,"ELZA SCHERNER MORO, C E-EF M P",23,2,1,1
,"ELZEARIO PITZ, C E PROF -EFMP",43,3,1,1
,"EUNICE BORGES DA ROCHA, C E C-EF M",49,3,1,1
,"FAZENDA RIO GRANDE, C E-EF M PROFIS",31,2,1,1
,"FAZENDA VELHA, C E-E F M P",45,3,1,1
,"FRANCISCO BELINOVSKI, C E PE-EF M",11,1,1,1
,"FRANCISCO LECHINOSKI, C E C-EF ETI EM",12,1,1,1
,"FRANCISCO M DE L CAMARGO,C E C PROF-EF M",8,1,1,1
,"FREDERICO GUILHERME GIESE, C E-EF M P",9,1,1,1
,"GERALDINA DA MOTA, C E PROFA-EFM ETI P",12,1,1,1
,"GUAJUVIRA, C E C-EF M PROF",24,2,1,1
,"GUATUPE, C E-EF M PROFIS",10,1,1,1
,"HELENA WYSOCKI, C E PROFA-EF M PROFIS",74,4,1,1
,"HERBERT DE SOUZA, C E-EF M PROFIS",40,2,1,1
,"INOVE, C E-EF M ETI PROFIS",5,1,1,1
,"IPE, C E - EF M PROFIS",18,1,1,1
,"JOANA GURSKI, C E C-EF M",2,1,1,1
,"JOAO A DE CAMARGO, C E-EF M PROFIS N",21,2,1,1
,"JOAO HOINATZ ANDRADE, C E C-M -EFM",29,2,1,1
,"JOAO NERLI DA CRUZ, C E PROF-EF M",1,1,1,1
,"JOAO XXIII, C E C-M-EF M",10,1,1,1
,"JOAQUIM DE O FRANCO, C E-EF M N PROFIS",49,3,1,1
,"JORGE ANDRIGUETTO, C E DES-EF M N",21,2,1,1
,"JULIO NERONE, C E-EF M",22,2,1,1
,"JULIO SZYMANSKI, C E PROF-E F M P N",69,4,1,1
,"JUSCELINO K DE OLIVEIRA, CEC DR-EF ETI M",13,1,1,1
,"JUSCELINO K OLIVEIRA, C E-EF M P",31,2,1,1
,"JUVENAL B DA SILVEIRA, C E C-EF M",3,1,1,1
,"JUVENTUDE DE SANTO ANTONIO, C E C-M-EF M",10,1,1,1
,"KAMILLA P DA CRUZ, C E C PROFA - EF M P",12,1,1,1
,"LINCOLN S COIMBRA, C E-EF M",15,1,1,1
,"LINDAURA R LUCAS, C E PROF-EF M PROFIS",32,2,1,1
,"LIRIA MICHELETO NICHELE, C E-EF M",62,4,1,1
,"LUCY REQUIAO M E SILVA, C E-EF M PROFIS",12,1,1,1
,"MACEDO SOARES, C E C-M-EF M PROFIS",22,2,1,1
,"MANOEL A DA CUNHA, C E C-M-EF M",23,2,1,1
,"MARIA DA G S SILVA E LIMA, C E PROF-EFM",15,1,1,1
,"MARIA L F PACHECO, C E PROFA-EF M",25,2,1,1
,"MARIA SENEK WOSNHAKI, C E C PROFA-EF M",51,3,1,1
,"MARILZE DA LUZ BRAND, C E PROFA-EF M P",10,1,1,1
,"MAURICIO FERRAZ DA COSTA, C E PROF-EF M",20,1,1,1
,"MAXIMIANO PFEFFER, C E C-EF M",8,1,1,1
,"MIGUEL FRANCO FILHO, C E C-M-EF M PROFIS",6,1,1,1
,"MIGUEL J MICKOSZ, C E C MONS-EF M",4,1,1,1
,"MONTEIRO LOBATO, C E-EF M",4,1,1,1
,"NOSSA SRA DO DESTERRO, C E C-EF M",1,1,1,1
,"NOSSA SRA DOS MILAGRES, C E-EFM",16,1,1,1
,"OLINDAMIR MERLIN CLAUDINO, C E-EF M",15,1,1,1
,"OTALIPIO P DE ANDRADE, C E-EF M PROFIS",12,1,1,1
,"OVANDE DO AMARAL, C E C-M DR-EF M",5,1,1,1
,"PAULO FREIRE, C E C PROF-EF M",22,2,1,1
,"PEDRO II, C E D-EF M",11,1,1,1
,"ROCHA POMBO, C E C-M-EF M",9,1,1,1
,"RUI BARBOSA, C E C-EF M",13,1,1,1
,"SAGRADA FAMILIA, C E-EF M N P",97,4,1,1
,"SAO CRISTOVAO, C E-EF M PROFIS N",34,2,1,1
,"SAO FRANCISCO DE ASSIS, C E C-EF M",3,1,1,1
,"SAO JOSE, C E-E F M P",37,2,1,1
,"SAO PEDRO E SAO PAULO, C E-EF M",23,2,1,1
,"SEBASTIAO CARDOSO LEAL, C E-EF M",5,1,1,1
,"SHIRLEY C T MACHADO, C E C-M-EF M PROF",39,2,1,1
,"SILVEIRA DA MOTTA, C E-EF M PROFIS",42,3,1,1
,"SUSI CRISTINE DA S SILVA, C E PROFA-EF M",35,2,1,1
,"TARSILA DO AMARAL, C E-EF M PROFIS",31,2,1,1
,"TIRADENTES, C E-EF M N PROFIS",57,3,1,1
,"TRAJANO EHLKE PIRES, C E C-EF M",9,1,1,1
,"UNIDADE POLO, C E-EF M PROFIS",52,3,1,1
,"VALDIVINO PAROLIN ACORDES, C E-EF M",7,1,1,1
,"VESPERTINO F PIMPAO, C E DEP-EF M",7,1,1,1
,"VICTOR BUSSMANN, C E-EF M PROFIS",17,1,1,1
,"ZILDA ARNS NEUMANN, C E C-M DRA-EF M P",5,1,1,1
,ZILOAH DE M CARVALHO C E PROFA-EF M P,9,1,1,1
ASSIS CHATEAUBRIAND,"ANCHIETA, C E PE-EF ETI EM PROFIS",39,2,1,1
,"ANTONIO F F DA COSTA, C E-EF M ETI",6,1,1,1
,"BRAGANTINA, C E-EF ETI EM",24,2,1,1
,"CHATEAUBRIANDENSE, C E-EFMNP",81,4,1,1
,"GETULIO VARGAS, C E C-EF M",3,1,1,1
,"GETULIO VARGAS, C E-EF M ETI",10,1,1,1
,"GUIMARAES ROSA, C E C-M-EF M",22,2,1,1
,"HEITOR C DE A FURTADO, C E C -EF ETI EM",18,1,1,1
,"HUMBERTO DE A C BRANCO, CE-EFM ETI PROFI",16,1,1,1
,"ISABEL, C E C PRINC-EF ETI EM",11,1,1,1
,"MACHADO DE ASSIS, C E-E M PROFIS",26,2,1,1
,"PEDRO V P DE SOUZA, C E C-EF M",7,1,1,1
,"RIO BRANCO, C E C BAR DO-EF M",3,1,1,1
,"RUI BARBOSA, C E-EF ETI EM",20,1,1,1
,"RUI BARBOSA, C E-EF M PROF",62,4,1,1
,"TEOTONIO VILELA, C E C-M SEN-EF M",10,1,1,1
,"VINICIUS DE MORAES, C E-EF M ETI",29,2,1,1
,"VINICIUS DE MORAIS, C E C-EF M",4,1,1,1
,"WENCESLAU BRAS, C E C -EFM",1,1,1,1
CAMPO MOURAO,"14 DE DEZEMBRO, C E-EF ETI EM",17,1,1,1
,"ADAUCTO S ROCHA, C E-EF M PROFIS",36,2,1,1
,"ALBERTO SANTOS DUMONT, C E-EF M",19,1,1,1
,"ALTAMIRA DO PARANA, C E-EF M",17,1,1,1
,"ALTO SAO JOAO, C E C DE-EF M ETI",6,1,1,1
,"ANIBAL KHURY, C E-EF M PROFIS",51,3,1,1
,"ANTONIO T OLIVEIRA,C E PREF-EF M PROFIS",15,1,1,1
,"ANTONIO VIEIRA, CEC-M PE - EFMN ETI P",30,2,1,1
,"BOURBONIA, C E DO C DE-EF M",8,1,1,1
,"CAMPINA DA LAGOA, C E-EF M ETI",25,2,1,1
,"CAMPO MOURAO, C E DE-EF M PROFIS N",40,2,1,1
,"CARNEIRO, C E GAL-EF M PROFIS",15,1,1,1
,CENTRO EST EDUC PROFIS AGRIC DE C MOURAO,18,1,1,1
,"CORUMBATAI DO SUL, C E-EF M",28,2,1,1
,"CULTURA UNIVERSAL, C E-EF M",8,1,1,1
,"DARCY JOSE COSTA, C E C-M PROF-EF M P",16,1,1,1
,"GABRIEL SEG SCIPIONE, C E DO C-EF M",9,1,1,1
,"ISABEL, C E PRINC-EF M PROFIS",64,4,1,1
,"IVONE S CASTANHARO, C E PROF-EFMNP",39,2,1,1
,"JAELSON BIACIO, C E C PROF-EF M",7,1,1,1
,"JOAO F COSTA, C E PROF-EF M PROFIS",28,2,1,1
,"JOAO XXIII, C E-EF ETI EM PROFIS",9,1,1,1
,"MACHADO DE A BARBOSA FERRAZ,C E-EMN ETI",15,1,1,1
,"NAPOLEAO B SOBRINHO, C E-EF M ETI PROFIS",7,1,1,1
,"NOVO HORIZONTE, C E-EF M ETI PROFIS",3,1,1,1
,"OLAVO BILAC, C E C-M-EF M PROFIS",10,1,1,1
,"OSVALDO CRUZ, C E C-M DR-EF M",7,1,1,1
,"OURILANDIA, C E C DE - EF M",21,2,1,1
,"RONDON, C E C-M MAL-EF M PROFIS",26,2,1,1
,"RUI BARBOSA, C E C-EF M",14,1,1,1
,"RUI BARBOSA, C E C-M-EF M PROFIS",33,2,1,1
,"SALLES DE OLIVEIRA, C E DO C-EF M",13,1,1,1
,"SANTO INACIO DE LOYOLA, C E-EF M ETI",14,1,1,1
,"SANTO REI, C E C-EF M",6,1,1,1
,"SAO JUDAS TADEU, C E-EF M N PROFIS",16,1,1,1
,"SAO LUIZ GONZAGA, C E C-EF M",11,1,1,1
,"ULYSSES GUIMARAES, C E-EF ETI EM N P",4,1,1,1
,"UNIDADE POLO, C E C-M-EF M PROFIS",38,2,1,1
,"VINICIUS DE MORAES, C E-EF M PROFIS",3,1,1,1
CASCAVEL,"ACQUILINO MASSOCHIN, C E-EF M ETI",12,1,1,1
,"ALBERTO S DUMONT, C E C-M-EFMNP",46,3,1,1
,"ALTO A DO IGUACU, C E C -EF ETI EM",4,1,1,1
,"AMANCIO MORO, C E C-M-EF M N PROFIS",20,1,1,1
,"ANDREIA N SANTOS, CEC-M PROF-EF ETI EM",9,1,1,1
,"ANTONIO DE CASTRO ALVES,CE-EF ETI EMPROF",46,3,1,1
,"ANTONIO F F COSTA, C E DES-EF M N P",12,1,1,1
,"APRENDENDO C/A TERRA E A VIDA, C E C-EFM",6,1,1,1
,"ARTUR AGOSTINI, C E C-EF M",19,1,1,1
,"BENJAMIM ANTONIO MOTTER, C E C-EF M",9,1,1,1
,"BRASMADEIRA, C E C-M-EF M PROFIS",8,1,1,1
,"CARLOS A CAMARGO, C E C-M-EF M PROFIS",21,2,1,1
,"CARLOS GOMES, C E C -EF ETI EM",9,1,1,1
,"CARMELO PERRONE, C E PE-EF M PROFIS",68,4,1,1
,"CATARATAS, C E C-M-EF M",17,1,1,1
,"CAXIAS, C E DQ DE-EF M",15,1,1,1
,CEEP DE AGROINOV PROF MOACIR B L SILVA,63,4,1,1
,CENTRO EST EDUC PROFIS PEDRO B NETO,99,4,1,1
,"CIELITO LINDO, C E-EF ETI EM",11,1,1,1
,"COSTA E SILVA, C E PRES-EF M PROFIS",7,1,1,1
,"DILMA K ANGELICO, C E PROFA-EF ETI EM",11,1,1,1
,"ELEODORO E PEREIRA, C E-EF M PROFIS",90,4,1,1
,"FRANCISCO L DA SILVA, C E PROF-EF M PROF",30,2,1,1
,"HORACIO R DOS REIS, C E-EF M",27,2,1,1
,"HUMBERTO A C BRANCO, C E C-M MAL-EF M P",23,2,1,1
,"IEDA BAGGIO MAYER, C E-EF M",28,2,1,1
,"ITAGIBA FORTUNATO, C E-EF M ETI",23,2,1,1
,"IZABEL, C E PRINC-EF M N PROFIS",43,3,1,1
,"JARDIM CLARITO, C E-EF M",32,2,1,1
,"JARDIM CONSOLATA, C E-EF M PROFIS",98,4,1,1
,"JARDIM INTERLAGOS, C E-EF M",12,1,1,1
,"JARDIM SANTA CRUZ, C E-EF M",7,1,1,1
,"JARDIM STA FELICIDADE, C E DE-EF M P",49,3,1,1
,"JOAO F NEVES, C E C-M DR-EF M",14,1,1,1
,"JOSE A B ORSO, C E C-M-EF M PROF",10,1,1,1
,"JOSE BONIFACIO, C E-EF M",40,2,1,1
,"JOSE DE ALENCAR, C E C -EF ETI EM",6,1,1,1
,"JOSE DE ANCHIETA, C E-EF M PROFIS",15,1,1,1
,"JULIA WANDERLEY, C E C-M PROF-EF M",17,1,1,1
,"JUVINOPOLIS, C E C DE-EF M",22,2,1,1
,"LONGUINOPOLIS, C E C-EF M",19,1,1,1
,"MARCOS C SCHUSTER, C E-EF M PROFIS",7,1,1,1
,"MARIA DESTEFANI GRIGGIO, C E-EF M",65,4,1,1
,"MARILIS F PIROTELLI, C E-EF M",37,2,1,1
,"MARIO QUINTANA, C E-EF M PROFIS",24,2,1,1
,"MONTEIRO LOBATO, C E-E F M P",22,2,1,1
,"NOVA UNIAO, C E C-EF M",8,1,1,1
,"OCTAVIO TOZO, C E DO C-EF M",20,1,1,1
,"OLAVO BILAC, C E C -EFM",4,1,1,1
,"OLINDA T DE CARVALHO, C E-EF M",16,1,1,1
,"OLIVO FRACARO, C E C-M-E F M",30,2,1,1
,"ORLANDO L ZAMPRONIO, C E-EF M",25,2,1,1
,"OTAVIO FOLDA, C E C-EF M",14,1,1,1
,"PACAEMBU, C E-EF M",21,2,1,1
,"PARANAGUA, C E MQ DE-EF ETI EM PROFIS",48,3,1,1
,"PAULO VI, C E-EF M PROFIS",27,2,1,1
,"PEDRO CANISIO HENZ, C E PE-EF M",23,2,1,1
,"PEDRO ERNESTO GARLET, C E C-EF M",15,1,1,1
,"PEDRO LUIZ MESSIAS, C E C-EF M",3,1,1,1
,"REASSENTAMENTO SAO FCO, C E C DO-EF M",24,2,1,1
,"REASSENTAMENTO SAO MARCOS, C E C-EF M",7,1,1,1
,"RIO DO SALTO, C E C DE-EF M",3,1,1,1
,"SANTA MARIA, C E C-EF M",2,1,1,1
,"SANTA TEREZA DO OESTE, C E C-M-EF M P",31,2,1,1
,"SANTOS DUMONT, C E C-M-EF M",9,1,1,1
,"SAO CRISTOVAO, C E-EF M PROFIS",23,2,1,1
,"SAO FCO DE ASSIS, C E C-EF M",6,1,1,1
,"SAO JOAO, C E C-E F M",18,1,1,1
,"VICTORIO E ABROZINO, C E PROF-EF M PROF",42,3,1,1
,"VITAL BRASIL, C E-EF M N",21,2,1,1
,"WILSON JOFFRE, C E-EF M N PROFIS",30,2,1,1
,"XIV DE NOVEMBRO, C E C-M-EF M",37,2,1,1
CIANORTE,"ARNALDO BUSATO, C E-EF M ETI",2,1,1,1
,"BARROSO, C E ALM - EF M",1,1,1,1
,"BOSCO, C E C-M D-EF M",19,1,1,1
,"CAIO MARIO MOREIRA, C E PROF-EF M",33,2,1,1
,"CASTRO ALVES, C E C-M-EM PROFIS",14,1,1,1
,"CAXIAS, C E DQ DE-EF ETI EM",21,2,1,1
,"CAXIAS, C E DQ DE-EF M P",10,1,1,1
,CENTRO EST EDUC PROFIS CIANORTE,92,4,1,1
,CENTRO ESTADUAL ED PROF CIDADE GAUCHA,6,1,1,1
,"CIANORTE, C E-EF M PROFIS",30,2,1,1
,"COSTA E SILVA, C E MAL-EF M PROF NORMAL",37,2,1,1
,"FELISBERTO N GONCALVES, C E-EF M",31,2,1,1
,"HELENA KOLODY, C E-EM PROFIS N",96,4,1,1
,"IGLEA GROLLMANN, C E-EF ETI EM PROFIS",37,2,1,1
,"ITACELINA BITTENCOURT, C E-EF M ETI",6,1,1,1
,"JOSE GUIMARAES, C E-EF M PROFIS",26,2,1,1
,"MACHADO DE ASSIS, C E DO C-EF M",4,1,1,1
,"MORAES DE BARROS, C E SEN-EF M PROFIS",12,1,1,1
,"PRIMO MANFRINATO, C E C-M-EF M PROFIS",30,2,1,1
,"RUI BARBOSA, C E C-M -EFMP",42,3,1,1
,"SANTANA DE TAPEJARA, C E-EM N PROFIS",110,4,1,1
,"SANTOS DUMONT, C E C-M -EFMN",38,2,1,1
,"SAO LOURENCO, C E DO C-EF M",22,2,1,1
,"VIDIGAL, C E DE-EF M",15,1,1,1
CORNELIO PROCOPIO,"ADELAIDE GLASER ROSS, C E-EM PROFIS",10,1,1,1
,"ADELIA A LOPES, C E C-M PROFA-EF M",9,1,1,1
,"AGMAR M SCARDAZZI, C E C PROFA-EF M",1,1,1,1
,"AIDES N DA SILVA, C E PROF-EF M N PROF",16,1,1,1
,"ANDRE SEUGLING, C E C-M-EF M",26,2,1,1
,"ANTONIO C GOMES, C E-EF ETI EM PROFIS",8,1,1,1
,"CARRAO, C E C-M CONS EFM ETI",37,2,1,1
,"CECILIA MEIRELES, C E-EM N PROFIS",48,3,1,1
,CENTRO EST ED PROF PF MARIA L C BOMTEMPO,9,1,1,1
,CENTRO EST EDUC PROFIS AG FERNANDO COSTA,21,2,1,1
,CENTRO EST EDUC PROFIS OZORIO G NOGUEIRA,57,3,1,1
,"CRISTO REI, C E-NORMAL PROFIS",31,2,1,1
,"CYRIACO RUSSO, C E-EM N PROFIS",11,1,1,1
,"FLORIANO LANDGRAF, C E-EF ETI EM",10,1,1,1
,"JERONIMO F MARTINS, C E-EF M ETI",12,1,1,1
,"JERONIMO ONUMA, C E PE-EF M N",31,2,1,1
,"JOAO TURIN, C E C-M-EF M",25,2,1,1
,"JOAO XXIII, C E C-M-EF M",29,2,1,1
,"JOAQUIM M M ASSIS, C E-EF M ETI PROFIS",10,1,1,1
,"JOSE D DA COSTA, C E-EF ETI EM",8,1,1,1
,"JOSE F DE MELLO, C E-EF M N",12,1,1,1
,"JUVENAL MESQUITA, C E-EF ETI EM",1,1,1,1
,"MAILON MEDEIROS, C E C-M PROF-EF M",5,1,1,1
,"MARCILIO DIAS, C E-EF M ETI N PROFIS",9,1,1,1
,"MONTEIRO LOBATO, C E C-M-EF M",6,1,1,1
,"PATRIMONIO SANTA MARIA, C E C-EF M",9,1,1,1
,"PAULINA PACIFICO BORSARI, C E-EF ETI EM",10,1,1,1
,"PAULO MOZART MACHADO, C E C-M PROF-EF M",21,2,1,1
,"PAULO VI, C E PAPA-EF M",6,1,1,1
,"PEDRO V P DE SOUZA, C E PROF-EFM ETI PRO",25,2,1,1
,"REGINA TOKANO, C E PROFA-EF M",35,2,1,1
,"SAO JOAO DO PINHAL, C E C DE-EF M",10,1,1,1
,"SAO JORGE, C E C-EF M ETI",6,1,1,1
,"VANDYR DE ALMEIDA, C E-EF ETI EM",20,1,1,1
,"VINICIUS DE MORAIS, C E-EM",23,2,1,1
,"WILLIAM MADI, C E PROF-EF M ETI",6,1,1,1
,"ZULMIRA MARCHESI SILVA, C E-EF ETI EM",3,1,1,1
CURITIBA,"ALCYONE M C VELLOZO, C E PROF-EF M PROFI",5,1,1,1
,"ALFREDO PARODI, C E-EF M PROFIS",10,1,1,1
,"ALGACYR M MAEDER, CE PROF-EFM ETI PROFIS",23,2,1,1
,"ANGELO GUSSO, C E-EF M PROFIS",17,1,1,1
,"ANGELO TREVISAN, C E-EF M PROFIS",19,1,1,1
,"ANGELO VOLPATO, C E-EF M ETI",3,1,1,1
,"ANIBAL KHURY NETO, C E-EF M PROFIS",16,1,1,1
,"ARLINDO C DE AMORIM, C E C-M-EF M PROFIS",24,2,1,1
,"ATTICO EUSEBIO DA ROCHA, C E D-EF M PROF",13,1,1,1
,"AVELINO ANTONIO VIEIRA, C E-EF M PROFIS",10,1,1,1
,"BEATRIZ FARIA ANSAY, C E C-M-EFMP",19,1,1,1
,"BENEDICTO J CORDEIRO, C E-EF M N PROFIS",59,3,1,1
,"BENTO M DA ROCHA NETO, C E C - M -EFMP",15,1,1,1
,"BRANCA DO N MIRANDA, C E DONA-E F M P",8,1,1,1
,"BRASILIO V DE CASTRO, C E PROF-EF M PROF",33,2,1,1
,"CANDIDO RONDON, C E C-M MAL-EF M PROFIS",12,1,1,1
,"CARRAO, C E CONS-EF M ETI",28,2,1,1
,"CECILIA MEIRELES, C E-EF M ETI PROFIS",8,1,1,1
,CENTRO EST EDUC PROFIS DE CURITIBA,37,2,1,1
,"CLAUDIO MORELLI, C E PE-EF M",50,3,1,1
,"CLETO, C E PROF-EF M ETI",10,1,1,1
,"CRUZEIRO DO SUL, C E C-M-EF M P",6,1,1,1
,"DIRCE C DO AMARAL, C E PROFA-EF M PROFIS",5,1,1,1
,"DOMINGOS ZANLORENZI, C E C-M- EFM ETI P",1,1,1,1
,"ELIAS ABRAHAO, C E PROF-EF M PROFIS",7,1,1,1
,"EMILIO DE MENEZES, C E-EF M PROFIS",24,2,1,1
,"ERMELINO DE LEAO, C E C-M-EF M PROFIS",7,1,1,1
,"ERNANI VIDAL, C E-EF M PROFIS",5,1,1,1
,"ETELVINA C RIBAS, C E C-M PROFA-EF M P",62,4,1,1
,"EURIDES BRANDAO, C E-EF M PROFIS",25,2,1,1
,"EUZEBIO DA MOTA, C E-EF M PROF",17,1,1,1
,"FLAVIO F DA LUZ, C E-EF M PROFIS",18,1,1,1
,"FRANCISCO ZARDO, C E PROF-EF M PROFIS N",29,2,1,1
,"GABRIELA MISTRAL, C E-EF M",32,2,1,1
,"GELVIRA CORREA PACHECO, C E-EF M P",7,1,1,1
,"GETULIO VARGAS, C E C-M-EF M PROFIS",7,1,1,1
,"GOTTLIEB MUELLER, C E C-M-EF M PROFIS",18,1,1,1
,"GUAIRA, C E-EF M ETI PROFIS",10,1,1,1
,"GUARDA MIRIM DO PARANA, C E-EM PROF",11,1,1,1
,"GUIDO ARZUA, C E C M PROF - EF M PROF",26,2,1,1
,"GUIDO STRAUBE, C E PROF-EF M ETI PROFIS",6,1,1,1
,"GUILHERME A MARANHAO, C E DESEMB-EF M P",24,2,1,1
,"GUILHERME PEREIRA NETO, C E-EF M PROFIS",36,2,1,1
,"HASDRUBAL BELLEGARD, C E-EF M PROFIS",25,2,1,1
,"HILDEBRANDO DE ARAUJO, CE-EFM ETI PROFIS",5,1,1,1
,"HILDEGARD SONDAHL, C E PROFA-EF M PROFIS",8,1,1,1
,"HOMERO B DE BARROS, C E-EFM ETI",7,1,1,1
,"IARA BERGMANN, C E PROFA-EF M PROFIS",11,1,1,1
,"INEZ VICENTE BOROCZ, C E-EF M PROFIS",7,1,1,1
,INS ED PR PROF ERASMO PILOTTO-EFM ETI NP,18,1,1,1
,"ISABEL L S SOUZA, C E PROFA-EF M PROFIS",24,2,1,1
,"IVO LEAO, C E-EF M",26,2,1,1
,"JAYME CANET, C E C-M-EF M P",31,2,1,1
,"JOAO BETTEGA, C E-EF M ETI PROFIS N",8,1,1,1
,"JOAO DE OLIVEIRA FRANCO, C E-EF M PROFIS",32,2,1,1
,"JOAO LOYOLA, C E C-M PROF-EF M P",12,1,1,1
,"JOAO MAZZAROTTO, C E-EF ETI EM PROFIS",17,1,1,1
,"JOAO PAULO I, C E C-M PAPA-EF M P",31,2,1,1
,"JOAO PAULO II, C E C-M EFMP",11,1,1,1
,"JOAO TURIN, C E C-M-EF M PROFIS",11,1,1,1
,"JOAO WISLINSKI, C E C-M PE-EF M N P",17,1,1,1
,"JOSE BUSNARDO, C E C-M - EFM ETI",1,1,1,1
,"JOSE FRESSATO, C E-EF M",15,1,1,1
,"JOSE GUIMARAES, C E PROF-EM ETI PROFIS",8,1,1,1
,"JULIA WANDERLEY, C E-EF M PROFIS",5,1,1,1
,"JULIO MESQUITA, C E C-M PROF-EF M PROFIS",23,2,1,1
,"LA SALLE, C E-EF M PROF",29,2,1,1
,"LAMENHA LINS, C E C-M PRES-EF M P",6,1,1,1
,"LEONCIO CORREIA, C E-EF M PROFIS",29,2,1,1
,"LOUREIRO FERNANDES,CE PROF-EFM ETI PROFI",16,1,1,1
,"LUIZA ROSS, C E C-M PROFA-EF M P",13,1,1,1
,"LYSIMACO F COSTA, C E PROF-EF M P",15,1,1,1
,"MANOEL A GUIMARAES, C E C-M SEN - EF M P",14,1,1,1
,"MANOEL RIBAS, C E-EF M",2,1,1,1
,"MARIA A TEIXEIRA, CE PROFA-EFM ETI PROF",12,1,1,1
,"MARIA GAI GRENDEL, C E PROFA-EF M PROFIS",1,1,1,1
,"MARIA HELOISA CASSELLI, CE PROFA-EFM ETI",4,1,1,1
,"MARIA MONTESSORI, C E-EF M",16,1,1,1
,"MARLI QUEIROZ AZEVEDO, CE PROFA - EF M P",114,4,1,1
,"MAXIMO A ASINELLI, CE PROF-EF M ETI PROF",7,1,1,1
,"MILTON CARNEIRO, C E C-M-EF M P",11,1,1,1
,"MORADIAS MONTEIRO LOBATO, CE-EF M P",20,1,1,1
,"NARCISO MENDES, C E PROF-EF M",14,1,1,1
,"NATALIA REGINATO, C E-EF M PROFIS",19,1,1,1
,"NEWTON F DA COSTA, C E-EF M_ETI",4,1,1,1
,"NILO BRANDAO, C E PROF-EF M PROFIS",18,1,1,1
,"NIRLEI MEDEIROS, C E-EF M PROFIS",45,3,1,1
,"NOSSA SRA DA SALETE, C E-EF ETI EM PROFI",38,2,1,1
,"OLAVO DEL CLARO, C E C-M PROF-EF M P",10,1,1,1
,"OLIVIO BELICH, C E DEP-EF ETI EM",22,2,1,1
,"ORIONE, C E D-EF M PROFIS",19,1,1,1
,"PARANA, C E DO-EF M PROFIS",255,4,1,1
,"PAULA GOMES, C E-EF M ETI PROFIS",30,2,1,1
,"PAULINA P BORSARI, C E-EF M PROF",8,1,1,1
,"PAULO LEMINSKI, C E-EF M N PROFIS",53,3,1,1
,"PEDRO MACEDO, C E-EF M PROFIS N",33,2,1,1
,"PILAR MATURANA, C E-EF M P",14,1,1,1
,"PINHEIRO DO PARANA, C E C-M-EF M P",3,1,1,1
,"PIO LANTERI, C E-EF M PROFIS",13,1,1,1
,"POL MILITAR, C CEL P M F S MIR-EF M",10,1,1,1
,"POLIVALENTE DE CURITIBA, C E-EF M N",9,1,1,1
,"PROTASIO DE CARVALHO, C E-EF M PROFIS",3,1,1,1
,"REPUBLICA ORIENTAL URUGUAI, C E C-M-EF M",32,2,1,1
,"RIO BRANCO, C E-EF M ETI PROFIS N",26,2,1,1
,"ROBERTO LANGER JUNIOR, C E-EF M PROFIS",26,2,1,1
,"RODOLPHO ZANINELLI, C E-EFMPN",33,2,1,1
,"SANTA CANDIDA, C E-EF M PROFIS N",14,1,1,1
,"SANTA FELICIDADE, C E C-M-EF M P",28,2,1,1
,"SANTA GEMMA GALGANI, C E-EF M ETI PROFIS",11,1,1,1
,"SANTA ROSA, C E-EF M PROFIS",6,1,1,1
,"SANTO AGOSTINHO, C E-EF M",3,1,1,1
,"SANTO ANTONIO, C E C-M-EF M",58,3,1,1
,"SANTOS DUMONT, C E-EF M ETI",1,1,1,1
,"SAO BRAZ, C E-EF M PROFIS",16,1,1,1
,"SAO PAULO APOSTOLO, C E-EF M PROFIS",17,1,1,1
,"SAO PEDRO APOSTOLO, C E-EF M PROFIS",21,2,1,1
,"SAO SEBASTIAO, C E-EFM",10,1,1,1
,"SEBASTIAO SAPORSKI, C E C-M-EF M PROFIS",6,1,1,1
,"SEGISMUNDO FALARZ, C E C-M-EFMP",11,1,1,1
,"SENHORINHA M SARMENTO, C E C-M-EF M P",5,1,1,1
,"SILVESTRE KANDORA, C E PE-EFM ETI PROFIS",2,1,1,1
,"TATUQUARA, C E-EF M",63,4,1,1
,"TEOBALDO L KLETEMBERG, C E PROF-EF M P",16,1,1,1
,"TEOTONIO VILELA, C E-EF M PROF",35,2,1,1
,"VICTOR DO AMARAL, C E PROF-EFM ETI PROFI",1,1,1,1
,"XAVIER DA SILVA, C E DR-EF M ETI PROFIS",2,1,1,1
,"YVONE PIMENTEL, C E C-M-EF M PROFIS",21,2,1,1
DOIS VIZINHOS,"ARNALDO BUSATO, C E DR-EF M ETI PROFIS",18,1,1,1
,"BOA E DO IGUACU, C E-EF ETI",5,1,1,1
,"DOIS VIZINHOS, C E DE-EF M PROFIS",66,4,1,1
,"GERMANO STEDILE, C E C -E F M ETI",2,1,1,1
,"JOSE DE ALENCAR, C E-EM ETI PROFIS",32,2,1,1
,"JOSE DE ANCHIETA, C E C-M - EF ETI EM",30,2,1,1
,"JOSE DE ANCHIETA, C E PE-EF M N PROFIS",29,2,1,1
,"LEONARDO DA VINCI, C E C-M-EF M N PROFIS",29,2,1,1
,"MARIA MARGARIDA, C E IR-EM N P",42,3,1,1
,"MONTEIRO LOBATO, C E-EF ETI EM",2,1,1,1
,"NOVA ESPERANCA, C E-EF M ETI PROFIS",27,2,1,1
,"PARANHOS, C E DR-EF ETI EM",1,1,1,1
,"SAO FRANCISCO DO BANDEIRA, C E C-EF M",17,1,1,1
,"VINICIUS DE MORAES, C E- C-M-EF M",13,1,1,1
FOZ DO IGUACU,"ALBERTO SANTOS DUMONT, C E C-E F M P",30,2,1,1
,"ALMIRO SARTORI, C E-EF M PROFIS",18,1,1,1
,"ANGELO ANTONIO BENEDET, C E C-M-EF M P",7,1,1,1
,"ARCANGELO NANDI, C E C-M EFMP",7,1,1,1
,"ARNALDO BUSATTO, C E DR-EF M N PROFIS",18,1,1,1
,"ARTHUR DA C SILVA, C E C-M MAL-EF M P",15,1,1,1
,"AYRTON SENNA DA SILVA, C E-EF M N PROFIS",32,2,1,1
,"BELO HORIZONTE, C E-EF M PROFIS",57,3,1,1
,"CARLOS DRUM DE ANDRADE, C E C-M-EF M P",47,3,1,1
,"CARLOS ZEWE COIMBRA, C E-EF M PROFIS",21,2,1,1
,"CARMELITA S DIAS, C E C-M PROFA-EF M P",3,1,1,1
,"CASTELO BRANCO, C E C-EF M N PROFIS",68,4,1,1
,"CASTELO BRANCO, C E C-M PRES-EF M PROFIS",4,1,1,1
,"CATARATAS DO IGUACU, C E-EF M PROFIS",32,2,1,1
,CENTRO EST EDUC PROFIS DE MEDIANEIRA,36,2,1,1
,CENTRO EST EDUC PROFIS MANOEL M PENA,82,4,1,1
,"COELHO NETO, C E C-EF M",10,1,1,1
,"COSTA E SILVA, C E C-M PRES-EF M PROFIS",13,1,1,1
,"COSTA E SILVA, C E-E F M PROFIS",54,3,1,1
,"EDUARDO MICHELIS, C E PE-EF M N PROFIS",31,2,1,1
,"EUCLIDES DA CUNHA, C E-E F M N PROFIS",42,3,1,1
,"FLAVIO WARKEN, C E PROF-EF M N PROFIS",112,4,1,1
,"GUILHERME, C E MONS-EF M ETI PROFIS",5,1,1,1
,"GUSTAVO D DA SILVA, C E-EF M PROFIS",14,1,1,1
,"IPE ROXO, C E C-M-EF M PROFIS",9,1,1,1
,"JOAO M MONDRONE, C E-EF M PROFIS N",132,4,1,1
,"JORGE SCHIMMELPFENG, C E-EF M P",43,3,1,1
,"JUSCELINO K DE OLIVEIRA, C E-EFMNP",29,2,1,1
,"KENNEDY, C E C C-M PRES-EF M",35,2,1,1
,"MANOEL KONNER, C E D-EF M N ETI PROFIS",68,4,1,1
,"MARALUCIA, C E C-EF M",2,1,1,1
,"MARIANO C PAGANOTO, C E PROF-EF M PROFIS",58,3,1,1
,"NAIRA FELLINI, C E C-M-EF M PROFIS",6,1,1,1
,"NESTOR V DOS SANTOS, C E C-M-EF M PROFIS",15,1,1,1
,"OLAVO BILAC, C E-EF M ETI",1,1,1,1
,"PAULO FREIRE, C E-EF M ETI PROFIS",4,1,1,1
,"PEDRO AMERICO, C E C-EF M_ETI",4,1,1,1
,"PEDRO II, C E DOM-EF M PROFIS",32,2,1,1
,"PEDRO V PARIGOT DE SOUZA, C E-EF M PROFI",43,3,1,1
,"PIONEIROS, C E-EF M_ETI_P",23,2,1,1
,"RIO BRANCO, C E BAR DO-EF M N PROF",7,1,1,1
,"RUI BARBOSA, C E C-EF M ETI P",2,1,1,1
,"SANTA ROSA DO OCOI, C E C-EF M",12,1,1,1
,"SAO JOAO B DE LA SALLE, C E C-EF M",11,1,1,1
,"SOL DE MAIO, C E C-M-EF M PROFIS",23,2,1,1
,"TAMANDARE, C E ALM-EF M PROFIS",13,1,1,1
,"TANCREDO DE A NEVES, C E C-M-EF M N P",64,4,1,1
,"TANCREDO NEVES, C E C-M-EF M PROFIS",4,1,1,1
,"TARQUINIO SANTOS, C E C-M-EF M PROFIS",22,2,1,1
,"TEOTONIO VILELLA, C E DO C-EF M PROFIS",12,1,1,1
,"TIRADENTES, C E-EF ETI EM",22,2,1,1
,"TRES FRONTEIRAS, C E-EF M PROFIS",21,2,1,1
,"ULYSSES GUIMARAES, C E-EF M PROF",110,4,1,1
FRANCISCO BELTRAO,"ANCHIETA, C E PE-EF M",20,1,1,1
,"ANTONIO SCHIEBEL, C E-EF ETI N P",11,1,1,1
,"ARNALDO BUSATO, C E-EF ETI EM N P",80,4,1,1
,"ARNALDO FAIVRO BUSATO, C E-EF M",2,1,1,1
,"BEATRIZ BIAVATTI, C E C-M-EF M",11,1,1,1
,"BOM JESUS, C E C-EF M",2,1,1,1
,"BOM JESUS, C E-EF ETI EM",31,2,1,1
,"CANDIDO PORTINARI, C E C-M-EF M",6,1,1,1
,"CARLOS EDUARDO, C E C-M D-EF M",4,1,1,1
,"CASTELO BRANCO, C E C -EF ETI EM",6,1,1,1
,"CASTRO ALVES, C E-EF M",5,1,1,1
,"CECILIA MEIRELES, C E-EF M PROFIS",25,2,1,1
,CENTRO EST ED PROFIS DO SUDOESTE DO PR,17,1,1,1
,"CIRILO, C E PE-EF ETI EM PROFIS",22,2,1,1
,"CRISTO REI, C E-EF M ETI",35,2,1,1
,"DOZE DE NOVEMBRO, C E-EF M N PROFIS",83,4,1,1
,"EDUARDO VIRMOND SUPLICY, C E DR-EF M P",32,2,1,1
,"FLOR DA SERRA, C E C DE-EF M",15,1,1,1
,"GUILHERME DE ALMEIDA, C E-EM ETI N P",24,2,1,1
,"HUMBERTO DE CAMPOS, C E-EF M PROFIS",17,1,1,1
,"INDUSTRIAL, C E-EF M ETI",7,1,1,1
,"JOAO PAULO II, C E-EF ETI EM",13,1,1,1
,"JOAO PAULO II, C E-EF M",2,1,1,1
,"JOAO ZACCO PARANA, C E C-M-EF M",17,1,1,1
,"JOSE DE ANCHIETA, C E-EF ETI EM P",28,2,1,1
,"JULIO GIONGO, C E-EF M N PROFIS",34,2,1,1
,"LEO FLACH, C E PROF-EF ETI EM P",5,1,1,1
,"LEONOR CASTELLANO, C E PROFA-EFM",6,1,1,1
,"MANOEL RIBAS, C E C-M INTERVENTOR-EF M",8,1,1,1
,"MARIO A T DE FREITAS, C E DR-EF M PROFIS",6,1,1,1
,"MARIO DE ANDRADE, C E-EF M N PROF",27,2,1,1
,"MARMELEIRO, C E DE-EF M",14,1,1,1
,"NEREU PERONDI, C E-EF ETI EM N",25,2,1,1
,"PAULO FREIRE, C E DO C-EF M",7,1,1,1
,"PINHEIRO, C E C DE -EF M",14,1,1,1
,"REINALDO SASS, C E-EF M PROF",23,2,1,1
,"RENASCENCA PE J J VICENTE, C E DE-EF M P",7,1,1,1
,"REUS, C E PE-EF ETI EM",26,2,1,1
,"RIO BRANCO, C E BAR DO-EF M",33,2,1,1
,"ROCHA POMBO, C E-EF ETI EM N",7,1,1,1
,"SANTA CRUZ, C E-EF M ETI",5,1,1,1
,"SANTO ANTAO, C E-E F M N ETI",7,1,1,1
,"SAO CRISTOVAO, C E-EF ETI EM",2,1,1,1
,"SAO CRISTOVAO, C E-EF M PROFIS",30,2,1,1
,"TANCREDO NEVES, C E-EF M PROF",11,1,1,1
,"TELMO OCTAVIO MULLER, C E-EF ETI N",2,1,1,1
,"VARGAS, C E PRES-EF ETI EM",20,1,1,1
,"VICENTE DE CARLI, C E C-M PROF-EF M",1,1,1,1
,"VISTA ALEGRE, C E C DE-EF M",7,1,1,1
GOIOERE,"ANTONIO L BRAGA, C E-EF M PROFIS",33,2,1,1
,"CARLOS GOMES, C E-EF M P",27,2,1,1
,"CAXIAS, C E DQ DE-EF EM N PROFIS",37,2,1,1
,"CECILIA MEIRELES, C E-EF M",15,1,1,1
,CENT EST ED PROFIS AGRIC GOIOERE,70,4,1,1
,"JOAO MAFFEI ROSA, C E-EF M ETI PROFIS",36,2,1,1
,"JOAO THEOTONIO NETTO, C E-EF M P",54,3,1,1
,"JOAO XXIII, C E-EM ETI",34,2,1,1
,"JORGE SCHOLL, C E PE-EF ETI EM",6,1,1,1
,"JOSE A DE ALMEIDA, C E-EF M N PROFIS",51,3,1,1
,"LEOPOLDINA, C E C DONA-EF M",1,1,1,1
,"MARIA CANDIDA DE JESUS, C E C-EF M",3,1,1,1
,"MARIA GOMES BIZERRA, C E C PROFA-EF M",6,1,1,1
,"OLAVO BILAC, C E C-M-EF M",19,1,1,1
,"PALMITAL, C E C -EF M",12,1,1,1
,"POLIVALENTE DE GOIOERE, C E-EF ETI EM P",13,1,1,1
,"RANCHO ALEGRE, C E-EF ETI EM",17,1,1,1
,"VICENTE LEPORACE, C E-EF M",15,1,1,1
,"VILA GUAIRA, C E C-M-EF M",10,1,1,1
GUARAPUAVA,"AMARILIO, C E PROF-EF M",9,1,1,1
,"ANA VANDA BASSARA, C E-EF M PROF",23,2,1,1
,"ANASTACIA KRUK, C E C-EF M",11,1,1,1
,"ANTONIA A ANTONICHEN, C E DO C-EF M",13,1,1,1
,"ANTONIO TUPY PINHEIRO, C E-EF M PROFIS",33,2,1,1
,"BENEDITO DE PAULA LOURO, C E C-EF M",8,1,1,1
,"BENTO MUNHOZ R NETTO, C E C -EFM",2,1,1,1
,"BIBIANA BITENCOURT, C E-EF M",2,1,1,1
,"CACHOEIRA, C E C DE-EF M",1,1,1,1
,CENTRO EST EDUC PROFIS ARLINDO RIBEIRO,47,3,1,1
,"CESAR STANGE, C E-EF M",35,2,1,1
,"CHAGAS, C E PE-EF M",38,2,1,1
,"CRISTO REI, C E-EF M PROFIS",24,2,1,1
,"DULCE MASCHIO, C E PROFA-EF M PROFIS",12,1,1,1
,"EDITE C MARQUES, C E C-M-EF M",16,1,1,1
,"EDVALDO E MARIA CARN, CE PROF-EFM ETI",22,2,1,1
,"FAXINAL DA BOA VISTA, C E DO C-EF M",23,2,1,1
,"FRANCISCO C MARTINS, C E-EM P",94,4,1,1
,"GUARAPUAVA, C E VISC DE-EF M N PROFIS",129,4,1,1
,"HEITOR ROCHA KRAMER, C E C-M VER-EF M",7,1,1,1
,"IZABEL F SIQUEIRA, C E PROFA-EF M",5,1,1,1
,"IZALTINO R BASTOS, C E C PROF-E F M",1,1,1,1
,"JOAO F NEVES, C E DR-EF M ETI",26,2,1,1
,"JULIO MOREIRA, C E C PROF-EF M ETI",16,1,1,1
,"LAGOA SECA, C E C DE-EF M ETI",2,1,1,1
,"LENI MARLENE JACOB, C E C-M PROFA-EF M P",47,3,1,1
,"LIANE MARTA DA COSTA, C E-EF M",17,1,1,1
,"LUIZ ANDRADE, C E C PROF-EF M",2,1,1,1
,"MAHATMA GANDHI, C E C-M-EF M PROFIS",16,1,1,1
,"MANOEL RIBAS, C E C-M-EF M",52,3,1,1
,"MARIA J P GUIMARAES, CEC-M PROF -EFM ETI",7,1,1,1
,"MARIO EVALDO MORSKI, C E PROF-EF M N P",28,2,1,1
,"MICHEL G P A REYDAMS, C E C-M ENG-EF M",29,2,1,1
,"NEWTON FELIPE ALBACH, C E-EF M",13,1,1,1
,"PALMEIRINHA, C E C C-M DE-EFMP",8,1,1,1
,"PAZ, C E C DE-EF M",27,2,1,1
,"PEDRO CARLI, C E PROF-EF M ETI",10,1,1,1
,"PEDRO I, C E C D-EF M PROFIS",24,2,1,1
,"PINHALZINHO, C E C DE-EF M",5,1,1,1
,"PROCOPIO F CALDAS, C E-EF M ETI",28,2,1,1
,"RUI BARBOSA, C E-EF M ETI",15,1,1,1
,"SANTA CLARA, C E-EF M N PROFIS",46,3,1,1
,"SANTO ANTONIO, C E C-M-EF M",8,1,1,1
,"SAO JOSE, C E C-EF M",2,1,1,1
,"SEBASTIANA S CALDAS, C E C PROFA-EF M",11,1,1,1
,"SEGREDO, C E DE-E F M ETI",31,2,1,1
,"TEOTONIO VILELA, C E-EF ETI EM",40,2,1,1
IBAITI,"AFFONSO M ALBALADEJO, C E C-EF M",6,1,1,1
,"ALDO DALLAGO, C E-EF M ETI N",51,3,1,1
,"ALVINA PRESTES, C E PROF-EF M ETI N",24,2,1,1
,"ANITA A PACHECO, C E-E F M ETI",11,1,1,1
,"ANTONIO M MELLO, C E-EF ETI EM",43,3,1,1
,"CAETANO MUNHOZ DA ROCHA, C E C-EF M",7,1,1,1
,"CARLOS GOMES, C E-EM ETI",31,2,1,1
,CENTRO EST EDUC PROFIS SEIJI HATTANDA,24,2,1,1
,"DAVID CARNEIRO, C E-EF M",51,3,1,1
,"FRANCISCO A ALMEIDA, C E-EM",32,2,1,1
,"JOAQUIM M DE SOUZA, C E C-EF M",5,1,1,1
,"JOAQUIM P OLIVEIRA, C E CEL-EF M ETI",10,1,1,1
,"JULIA WANDERLEY, C E-EF ETI EM PROFIS",34,2,1,1
,"JULIO FARAH, C E C-M-EF M",18,1,1,1
,"LEAO SCHULMANN, C E-EF M",43,3,1,1
,"LEONARDO F NOGUEIRA, C E-E M N",35,2,1,1
,"MARGARIDA F GONCALVES,CEC PROFA-EFM ETI",18,1,1,1
,"MARIA AP C SALCEDO, C E PR-EF M PROFIS",12,1,1,1
,"NAPOLEAO DA SILVA REIS, C E C-EF M",21,2,1,1
,"RODOLFO I PEREIRA, C E C-EF M",8,1,1,1
,"SAGRADA FAMILIA, C E -E F M PROFIS",19,1,1,1
,"SEGISMUNDO A NETTO, C E C-M PROF-EFMNP",18,1,1,1
,"YVY PORA, C E IND-EI EF M",1,1,1,1
IRATI,"ADAO SOBOCINSKI, C E C-EF ETI EM",9,1,1,1
,"AFONSO A DE CAMARGO, C E C-M DR-EF M P",16,1,1,1
,"ALBERTO DE CARVALHO, C E-EF M PROFIS",29,2,1,1
,"ANGAI, C E C DE-EF M",4,1,1,1
,"ANTONIO E ANTONELLI, CEC PROF-EF ETI EM",27,2,1,1
,"ANTONIO WITCHEMICHEN, C E C PREF-EF M",6,1,1,1
,"ANTONIO X DA SILVEIRA, C E-EF M N PROFIS",25,2,1,1
,"AUREA APARECIDA LOPES, C E C-E F M",4,1,1,1
,"BITUVA DAS CAMPINAS, C E C-EF ETI EM",5,1,1,1
,"CAPANEMA, C E C-M BAR DE-EF M PROF",23,2,1,1
,"CAXIAS, C E C-M DQ-EF M PROF",11,1,1,1
,CENTRO EST FL ED PROFIS PR COSTA E SILVA,53,3,1,1
,"CHAFIC CURY, C E DR-EF M N",9,1,1,1
,"CRISTO REI, C E C-EF M",14,1,1,1
,"CRISTOFORO MYSKIV, C E PE-EF M",8,1,1,1
,"DARIO VELOSO, C E PROF-EF M PROFIS",6,1,1,1
,"DOMINGOS V LOPES, C E C CAP-EF M",23,2,1,1
,"FAXINAL DOS FRANCOS, C E C DE-EF M",11,1,1,1
,"FAXINAL DOS MARMELEIROS, C E C DE-EF M",1,1,1,1
,"FRANCISCO RAMOS, C E-EF M PROFIS",37,2,1,1
,"GETULIO VARGAS, C E-EF M ETI",10,1,1,1
,"GONCALVES JUNIOR, C E C-EF M",6,1,1,1
,"GUARAUNA, C E C-EF M",14,1,1,1
,"IMACULADA CONCEICAO, C E C-EF M",18,1,1,1
,"JOAO DE M PESSOA, C E C-M-EF M",6,1,1,1
,"JOAO NEGRAO JR, C E-EF M",9,1,1,1
,"JOAO XXIII, C E-EF ETI EM PROFIS",20,1,1,1
,"JOSE MARTENETZ, C E C BISPO D-EF M",4,1,1,1
,"JOSE ORESTES PREIMA, C E C PE-EF M P",15,1,1,1
,"JULIO CESAR, C E PROF-EF M N",17,1,1,1
,"LUIZA ROSA Z PINTO, C E PROFA-EF M",5,1,1,1
,"MARIA IGNACIA, C E C-M PROFA-EF M",3,1,1,1
,"NICOLAU COPERNICO, C E C-M-EF M",2,1,1,1
,"NOSSA SRA APARECIDA, C E C-EF ETI EM",1,1,1,1
,"NOSSA SRA DE FATIMA, C E C-E F M",9,1,1,1
,"ONDINA PEREIRA OGG, C E PROFA - EF M",4,1,1,1
,"PAPANDUVA DE CIMA, C E C DE-EF M",19,1,1,1
,"PARIGOT DE SOUZA, C E C-M-EF M N PROFIS",2,1,1,1
,"PEDRO BALTZAR, C E C PE-EF M",3,1,1,1
,"RIO D AREIA DE CIMA, C E C DO-EF M",13,1,1,1
,"RIO DO COURO, C E C DE-EF M",6,1,1,1
,"TRAJANO GRACIA, C E-EF M",27,2,1,1
,"VILA NOVA, C E-EF ETI EM N",20,1,1,1
IVAIPORA,"1 DE SETEMBRO, C E C-EF M",11,1,1,1
,"AGRONOMO HINTZ, C E C - EF M",8,1,1,1
,"ANITA GARIBALDI, C E C-M-EF M PROFIS",11,1,1,1
,"ANTONIO DINIZ PEREIRA, C E C-M-EF M",1,1,1,1
,"ARAPUA, C E DE-EF ETI EM",3,1,1,1
,"ARTHUR DE AZEVEDO, C E-EFM ETI N P",16,1,1,1
,"ARY B CARNEIRO, C E-EF M PROFIS",1,1,1,1
,"BARBOSA FERRAZ, C E-EM N PROFIS",43,3,1,1
,"BENTO MOSSURUNGA, C E C-M - EFM ETI",17,1,1,1
,"BOA V DA STA CRUZ, C E DO C DE-EF M",6,1,1,1
,"CAMPINEIRO DO SUL,C E C-EF M PROFIS",2,1,1,1
,"CANDIDO DE ABREU, C E DR-EF M N PROFIS",16,1,1,1
,"CARLOS SILVA, C E-EFM ETI P",36,2,1,1
,CENT ES ED PROFIS AG PROF ADILSON REDIVO,23,2,1,1
,"CERRO AZUL, C E BARAO DO-EFM ETI",1,1,1,1
,"CORA CORALINA, C E C-EF M",2,1,1,1
,"CRISTOVAO COLOMBO, C E-EFM ETI N PROFIS",14,1,1,1
,"DIOGO A CORREIA, C E C-EF M",2,1,1,1
,"FLORIANO PEIXOTO, C E C MAL-EF M",18,1,1,1
,"FLORIDA DO IVAI, C E DO C-EF M",2,1,1,1
,"GEREMIAS LUNARDELLI, C E COM-EF M ETI P",36,2,1,1
,"GODOY MOREIRA, C E DO C-EF M",29,2,1,1
,"GREGORIO KAEKCHOT, C E I CAC-EI EF M N",1,1,1,1
,"IDALIA ROCHA, C E-EF M",13,1,1,1
,"IMPERATRIZ TERESA CRISTINA,CEC EF ETI EM",8,1,1,1
,"JOSE DE MATTOS LEAO, C E C-M-EF M",7,1,1,1
,"JOSE S ROSAS, C E-EF M ETI",24,2,1,1
,"KENNEDY, C E PRES-EF M",17,1,1,1
,"MARIZA, C E C-EF M",5,1,1,1
,"NILO PECANHA, C E C-EF M",6,1,1,1
,"PEDRO I, C E C D-EF ETI EM P",12,1,1,1
,"RENI C GAMPER, C E PROFA-EM ETI P N",55,3,1,1
,"RIO BRANCO, C E-EF M",27,2,1,1
,"ROMEOPOLIS, C E DO C DE-EF M",2,1,1,1
,"SERGIO KRIGRIVAJA LUCAS, C E I P-EI EF M",1,1,1,1
,"VICENTE MACHADO, C E C-M-EF M",13,1,1,1
JACAREZINHO,"ANGELINA R VEZOZZO, C E-EF M",7,1,1,1
,"BARBOSA FERRAZ, C E-EF M ETI",8,1,1,1
,"CAROLINA LUPION, C E C-M DONA-EF M",4,1,1,1
,"CAROLINA LUPION, C E-EF M N",11,1,1,1
,CENTRO EST EDUC PROFIS A MOHAMAD A HAMZE,56,3,1,1
,"DISTRITAL DE JOA, C E DO C-EF M",15,1,1,1
,"DURVAL RAMOS FILHO, C E-EF ETI EM P",5,1,1,1
,"EDITH S PRADO DE OLIVEIRA, C E C-M-EF M",13,1,1,1
,"GENEROSO MARQUES, C E C-M DR-EF M",8,1,1,1
,"HELOISA I M RIBEIRO, C E DO C-EF M",2,1,1,1
,"HERCILIA P E SILVA, C E C-M PROFA-EF M P",14,1,1,1
,"HERMINIA LUPION, C E-EF ETI EM N",17,1,1,1
,"IMACULADA CONCEICAO, C E-EF M ETI",2,1,1,1
,"JOAO DA R CHUEIRI, C E C-M DR-EF M P",6,1,1,1
,"JOAO M DA SILVEIRA, C E-EF M PROFIS",58,3,1,1
,"JOAQUIM A DE MOURA, C E PROF-EF M PROF N",47,3,1,1
,"JORGINA B DE PAULA, C E DO C-EF M",6,1,1,1
,"LUCY REQUIAO M E SILVA, C E-EF M ETI",6,1,1,1
,"LUIZ SETTI, C E-E F M P N",7,1,1,1
,"MARIA DALILA PINTO, C E-EF M PROFIS",11,1,1,1
,"MARIA F SOUZA, C E-EF ETI M",12,1,1,1
,"MARQUES DOS REIS, C E-EI EF M",7,1,1,1
,"MIGUEL DIAS, C E C-M -EFMP",18,1,1,1
,"MONTE REAL, C E DO C-EF ETI EM",1,1,1,1
,"MORALINA ELEUTERIO, C E C-M DONA-EF M",7,1,1,1
,"NICANOR BUENO MENDES, C E-EM",17,1,1,1
,"RIO BRANCO, C E-EF ETI EM N P",1,1,1,1
,"RUI BARBOSA, C E - EFMP",3,1,1,1
,"RUI BARBOSA, CEC-M-EFMNP",5,1,1,1
,"RUTH M CORREA, C E C-M-EF M PROF",15,1,1,1
,"SEBASTIAO L DA SILVA, C E DO C-EF M",5,1,1,1
,"SILVIO TAVARES, C E PROF-EF M ETI PROFIS",9,1,1,1
,"STELLA MARIS, C E C-M-E F M P",21,2,1,1
,"TIRADENTES, C E-EF ETI EM P",3,1,1,1
,"VALMIR MOTTA DE OLIVEIRA, C E DO C - EFM",3,1,1,1
LARANJEIRAS DO SUL,"ALTO ALEGRE, C E C- EF M ETI",2,1,1,1
,"ALTO RECREIO, C E C-M-EF M",1,1,1,1
,"ALVARO N DE CAMARGO, C E-EF M",1,1,1,1
,"ARNALDO BUSATO, C E-EF M",1,1,1,1
,"CANDOCA T FIDENCIO, C E I PROF-EI EFM",1,1,1,1
,"CAVACO, C E C DE -E F M",1,1,1,1
,CENTRO EST ED PROF PROFA NAIANA B SOUZA,45,3,1,1
,"CHICO MENDES, C E C-EI EF M N PROFIS",3,1,1,1
,"ELENIR LINKE, C E PROF-EF M ETI",5,1,1,1
,"ERICO VERISSIMO, C E C-M-EF M",8,1,1,1
,"EURICO G DUTRA, C E GEN-EF M",30,2,1,1
,"FEG-PRAG FERNANDES, C E I-EI EF M",1,1,1,1
,"FLORIANO PEIXOTO, C E-EF M",13,1,1,1
,"GABRIELA MISTRAL, C E-EF M ETI",10,1,1,1
,"GILDO A SCHUCK, C E PROF-EF M ETI N",3,1,1,1
,"GUARANI DA ESTRATEGICA, C E C-EF M ETI",11,1,1,1
,"IRACI S STROZAK, C E DO C-EI EF M N",2,1,1,1
,"IRENO ALVES DOS SANTOS, C E C-EF M ETI",16,1,1,1
,"JOANY G DE LIMA, C E C-EF M",8,1,1,1
,"JOAO RYSICZ, C E-EF M PROFIS",10,1,1,1
,"JOAQUIM N RIBEIRO, C E C-EF M N ETI",2,1,1,1
,"JOSE ALVES DOS SANTOS, C E C-EF M ETI",17,1,1,1
,"JOSE DE ANCHIETA, C E-EF M ETI",39,2,1,1
,"JOSE MARCONDES SOBRINHO, C E-EF M ETI",6,1,1,1
,"KO HOMU, C E I-EI EF M",1,1,1,1
,"LAGEADO BONITO, C E C-EF M",8,1,1,1
,"LARANJEIRAS DO SUL, C E DE-EF M",14,1,1,1
,"LUDOVICA SAFRAIDER, C E-EF M",6,1,1,1
,"NUCLEO RESID PINDORAMA, C E DO-EF M",6,1,1,1
,"OLAVO BILAC, C E-EF M N PROFIS",21,2,1,1
,"OSORIO DUQUE ESTRADA, C E C-M-EF M",2,1,1,1
,"PEDRO R DE SIQUEIRA, C E C-EF M",10,1,1,1
,"PINHALZINHO, C R E DE-EF M",11,1,1,1
,"RIO DAS COBRAS, C E R I-EF M",2,1,1,1
,"RUI BARBOSA, C E-EF M",2,1,1,1
,"SIGISMUNDO, C E PE-EF M N PROFIS",47,3,1,1
,"VILA INDUSTRIAL, C E-EF M",4,1,1,1
,"VILA JOHN KENNEDY, C E C-M DA-EF M",19,1,1,1
LOANDA,"AFONSO CAMARGO, C E C-M PRES-EF M",6,1,1,1
,"ALBERICO M DA SILVA, C E C-M-EF M",3,1,1,1
,"ARTHUR DA C SILVA, C E MAL-EF ETI EM N",22,2,1,1
,"ARY J DRESCH, C E-EF M N PROFIS",16,1,1,1
,"CASTRO ALVES, C E-EF M",14,1,1,1
,"CECILIA MEIRELES, C E-EF M ETI",19,1,1,1
,"CENTRAO, C E C-EF M",2,1,1,1
,CENTRO EST EDUC PROFIS DO NOROESTE,46,3,1,1
,"CONSTANTINO MAROCHI, C E S-EF M ETI",29,2,1,1
,"FERNANDO DE AZEVEDO, C E-EF M ETI",11,1,1,1
,"GUILHERME DE ALMEIDA, C E-EF M ETI N",11,1,1,1
,"HUMBERTO DE CAMPOS, C E-EF ETI EM P",21,2,1,1
,"IVAINA, C E C DE-EF M",4,1,1,1
,"IZABEL, C E PRINC-EF M",42,3,1,1
,"MANOEL ROMAO NETTO, C E-EF M",13,1,1,1
,"NARCIZO MENDES, C E C-EF M",4,1,1,1
,"PARANA, C E-EF M PROFIS",25,2,1,1
,"REYNALDO MASSI, C E-E F M ETI",21,2,1,1
,"RUI BARBOSA, C E-EM",12,1,1,1
,"SANTA MONICA, C E-EF M ETI",16,1,1,1
,"SANTOS DUMONT, C E C-M-EF M",2,1,1,1
,"VALE DO TIGRE, C E C-M-EF M",3,1,1,1
LONDRINA,"11 DE OUTUBRO, C E C-M-EF M PROFIS",9,1,1,1
,"14 DE DEZEMBRO, C E-EF M ETI N P",59,3,1,1
,"ADELIA D BARBOSA, C E C-M PROFA-EF M P",22,2,1,1
,"ALBINO FEIJO SANCHES,CE - EF ETI EM P",4,1,1,1
,"ALTAIR APARECIDO CARNEIRO,CE PROF-EF M P",17,1,1,1
,"ANA MOLINA GARCIA, C E-EF ETI EM",7,1,1,1
,"ANDREA NUZZI, C E C-M MAESTRO-EF M P",29,2,1,1
,"ANTONIO DE MORAES BARROS, C E-EF M PROFI",17,1,1,1
,"ANTONIO IGLESIAS, C E-EF ETI EM",2,1,1,1
,"ANTONIO RAMINELLI, C E C-M-EF M PROFIS",30,2,1,1
,"ARNALDO BUSATO, C E-EF M",8,1,1,1
,"ARTHUR DA C SILVA, C E PRES-EF M ETI P",7,1,1,1
,"ATTILIO CODATO, C E C-M-EF M",15,1,1,1
,"BASILIO DE LUCCA, C E C-M-EF M",8,1,1,1
,"BEAHIR EDNA MENDONCA,CE PROFA-EF ETI EM",13,1,1,1
,"BENEDITA R REZENDE, C E PROFA-EF M P",66,4,1,1
,"BENJAMIN CONSTANT, C E-EF M ETI",7,1,1,1
,"BRASILIO DE ARAUJO, C E-EF ETI EM P",27,2,1,1
,"CARLOS A MUNGO GENEZ, C E PROF-EF M ETI",1,1,1,1
,"CARLOS DE ALMEIDA, C E C-M-EF M PROFIS",25,2,1,1
,"CARMELA DUTRA, C E-EF ETI EM",58,3,1,1
,"CASTELO BRANCO, C E MAL-EF M N PROFIS",29,2,1,1
,CEEP PROFA ELEUZA MARIA A SEMPREBOM,6,1,1,1
,"CELIA M DE OLIVEIRA, C E C-M PROF-EF M P",3,1,1,1
,CENTRO EST EDU PROF P MARIA R CASTALDI,127,4,1,1
,"CLEIA GODOY F SILVA, C E PROFA-EF M",9,1,1,1
,"DARIO VELLOZO, C E-EF M ETI",1,1,1,1
,"DEA ALVARENGA, C E PROF-EF M",26,2,1,1
,"ERICO VERISSIMO, C E C-M-EF M PROFIS",12,1,1,1
,"EUDICE R OLIVEIRA, C E PROF-EI EF M P",33,2,1,1
,"EUZEBIO B DE MENEZES, C E CAP-EF M",39,2,1,1
,"FERNANDO DE B PINTO, C E C-M DR-EF M",15,1,1,1
,"FRANCISCO VILLANUEVA,C E C-M PROF-EF M P",53,3,1,1
,"GABRIEL C MARTINS, C E DR-EF M",30,2,1,1
,"GERALDO FERNANDES, C E D-EF M ETI",15,1,1,1
,"HEBER S VARGAS, C E C-M PROF DR-EF M P",30,2,1,1
,"HELENA KOLODY, C E C-M PROF-EF M",30,2,1,1
,"HUGO SIMAS, C E C-M-EF M PROFIS",31,2,1,1
,"HUMBERTO P COUTINHO, C E C-M-E F M",39,2,1,1
,INST ED EST DE LONDRINA -EF ETI EM N P,18,1,1,1
,"INST LOND EDUC SURDOS, C E-EI EF M ETI",1,1,1,1
,"JARDIM SAN RAFAEL, C E DO-EF M ETI",24,2,1,1
,"JAYME CANET, C E - EM ETI",59,3,1,1
,"JOSE A ARAGAO, C A P DA UEL PROF-EFMP",45,3,1,1
,"JOSE ALEX CHIARELLI, C E C-M PROF-EF M P",37,2,1,1
,"JOSE CARLOS PINOTTI, C E PROF-EF M",96,4,1,1
,"JOSE DE ANCHIETA, C E-EF M ETI P",50,3,1,1
,"JOSE HERIONS, C E PE-EF ETI EM P",67,4,1,1
,"JOSE PIRES, C E PE-EF ETI EM P",41,3,1,1
,"JOSEMARIA ESCRIVA, C E C-M MONS-EF M",14,1,1,1
,"JULIA WANDERLEY, C E-EF M ETI",21,2,1,1
,"KENNEDY, C E C-M PRES-EF M PROF NORMAL",20,1,1,1
,"LAURO P TAVARES, C E C-M DR-EF M",23,2,1,1
,"LUCIA B LISBOA, C E PROFA-EF M",51,3,1,1
,"MACHADO DE ASSIS, C E-EF M ETI",17,1,1,1
,"MACHADO DE ASSIS, C E-EF M PROF",72,4,1,1
,"MACHADO DE ASSIS, C E-EF M PROFIS",10,1,1,1
,"MALVINO DE OLIVEIRA, C E PRF-EF M ETI",30,2,1,1
,"MANUEL BANDEIRA, C E C-M-EF M",8,1,1,1
,"MARAVILHA, C E DE-EF M",6,1,1,1
,"MARCELINO CHAMPAGNAT, C E-EF M PROFIS",56,3,1,1
,"MARGARIDA B LISBOA, C E C-M PROFA-EF M",45,3,1,1
,"MARIA AP ROSIGNOL FRANCIOSI, C E C-EF M",1,1,1,1
,"MARIA C DE ALCANTARA, C E PROFA-EF M P",28,2,1,1
,"MARIA DO CARMO AMBROZIO, C E PROFA-EF M",9,1,1,1
,"MARIA HELENA DAVATZ, C E PROFA-EF M",7,1,1,1
,"MARIA J B AGUILERA, CE PROFA-EF ETI EM P",66,4,1,1
,"MARIA MAGDALENA M RAMOS, C E PROF - EFM",20,1,1,1
,"MONTEIRO LOBATO, C E C-M-EF M",13,1,1,1
,"NEWTON GUIMARAES, C E C-M PROF-EF M",74,4,1,1
,"NILO PECANHA, C E C-M-EF M PROFIS",9,1,1,1
,"NILSON RIBAS, C E DR-EF M N PROFIS",103,4,1,1
,"NOSSA SRA LOURDES, C E-EF M ETI E PROF",6,1,1,1
,"ODETE BORGES BOTELHO, C E-EF M",4,1,1,1
,"OLAVO BILAC, C E-EF M ETI N P",40,2,1,1
,"OLAVO BILAC, C E-EF M PROFIS",54,3,1,1
,"OLAVO G F DA SILVA, CE DR-EF ETI EM",1,1,1,1
,"OLYMPIA M TORMENTA, C E C-M PROF-EF M P",25,2,1,1
,"PATRIMONIO REGINA, C E C-M DO-EF M",19,1,1,1
,"PAULO FREIRE, C E PROF-E F M",31,2,1,1
,"PAULO S BARTHOLOMEU, C E PROF-E F M P",20,1,1,1
,"POL MILITAR DO PARANA, 2 C- EF M",4,1,1,1
,"POLIVALENTE, C E-EF M PROFIS",7,1,1,1
,"RICARDO LUNARDELLI, C E-EI EF M PROFIS",11,1,1,1
,"RINA M D J FRANCOVIG, CE PROFA-EF ETI EM",13,1,1,1
,"RIO BRANCO, C E C-M BAR DO-EF M",11,1,1,1
,"ROSELI PIOTTO ROEHRIG, C E PROFA-EF M",4,1,1,1
,"SAGRADA FAMILIA, C E-EF M ETI",4,1,1,1
,"SOUZA NAVES, C E-EF M PROFIS",78,4,1,1
,"TEOTHONIO B VILELA, C E-EF M ETI",1,1,1,1
,"THIAGO TERRA, C E C-M-EF M PROF",8,1,1,1
,"TSURU OGUIDO, C E C-M-EF M",6,1,1,1
,"UBEDULHA C OLIVEIRA, CE PROF-EFM ETI P N",14,1,1,1
,"ULYSSES GUIMARAES, C E C-M-EF M",21,2,1,1
,"UNIDADE P KAROLINE V A LUAN A S,C E-EFMP",57,3,1,1
,"VANI RUIZ VIESSI, C E C-M PROFA-EF M",15,1,1,1
,"VARGAS, C E C-M PRES-EF M",56,3,1,1
,"VICENTE RIJO, C E-EF ETI EM P",36,2,1,1
,"VISTA BELA, C E C-M-EF M PROFIS",12,1,1,1
,"WARTA, C E DA-EF ETI EM",10,1,1,1
,"WILLIE DAVIDS, C E DR-EF M ETI",22,2,1,1
,"WISTREMUNDO R P GARCIA, C E C-M PE-EFM P",29,2,1,1
MARINGA,"ADAILE M LEITE, C E-EF M PROFIS",20,1,1,1
,"ADOLPHO O FRANCO, C E GOV- EF M PROFIS",25,2,1,1
,"ALBERTO J BYINGTON JR, C EC-M-EF M PROFI",33,2,1,1
,"ALFREDO MOISES MALUF, C E-EF M PROFIS",42,3,1,1
,"ANTONIO FCO LISBOA, C E-EF M PROFIS",14,1,1,1
,"APLICACAO PED DA UEM, C DE-EF M",23,2,1,1
,"ARTHUR DA C E SILVA, C E MAL-EF M PROFIS",35,2,1,1
,"BASILIO PERTSEW, C E-EF ETI EM",47,3,1,1
,"BENOIL F M BOSKA, C E PROF-EF M ETI",12,1,1,1
,"BRANCA DA MOTA FERNANDES, C E-EF M PROFI",24,2,1,1
,"BRASILIO ITIBERE, C E-EF M ETI",23,2,1,1
,"CAMARGO, C E DR-EF M ETI",27,2,1,1
,"CAXIAS, C E C-M DQ DE-EF M PROFIS",19,1,1,1
,"CECILIA MEIRELES, C E C-M-EF M PROFIS",8,1,1,1
,CENTRO EST ED PROF AGRIC AGROEDUCAR,12,1,1,1
,CENTRO EST ED PROF PE JOSEIR SVERSUTTI,20,1,1,1
,"CONJUNTO JOAO DE BARRO, C E-EF M",10,1,1,1
,"CORA CORALINA, C E C-M-EF M PROFIS",33,2,1,1
,"CYRO P DE CAMARGO, C E-EF M",10,1,1,1
,"DENISE C ALBUQUERQUE, CE PROFA-EF M ETI",5,1,1,1
,"DIRCE DE A MAIA, C E-EF M ETI",16,1,1,1
,"EGIDIO BALLAROTTI, C E-EF ETI EM",31,2,1,1
,"FELIPE S BITTENCOURT, C E DR-EF ETI EMP",4,1,1,1
,"GASTAO VIDIGAL, C E DR-EF M PROFIS",21,2,1,1
,"HELENA KOLODY, C E-EF M P",1,1,1,1
,"HUMBERTO DE CAMPOS, C E-EF M ETI",9,1,1,1
,INST ED E MARINGA-EF M N PROFIS,20,1,1,1
,"IPIRANGA, C E C-M-EF M",14,1,1,1
,"IVAN F A SILVA FILHO, C E DR-EF M ETI",14,1,1,1
,"IZABEL, C E C-M PRINC-EFM",10,1,1,1
,"JARDIM INDEPENDENCIA, C E DO-EF M PROFIS",15,1,1,1
,"JARDIM PANORAMA, C E-EF M PROFIS",49,3,1,1
,"JARDIM UNIVERSITARIO, C E-EF M PROFIS",10,1,1,1
,"JOAO DE F PIOLI, C E-EF M P",11,1,1,1
,"JOSE DE ANCHIETA, C E C-EF M",7,1,1,1
,"JOSE F SALDANHA, C E ENG-EF ETI",3,1,1,1
,"JOSE LUIZ GORI, C E-EF M PROFIS",134,4,1,1
,"JURACY R S ROCHA, C E-EF M PROFIS",21,2,1,1
,"JUSCELINO K OLIVEIRA, C E-EF M ETI",49,3,1,1
,"KENNEDY, C E PRES-EF ETI EM P",18,1,1,1
,"LUIZ ZANCHIM, C E C-M VER-EF M PROFIS",16,1,1,1
,"MARCIA VAZ T ABREU, C E-EF M ETI",4,1,1,1
,"MARCO A PIMENTA, C E C-M -EFMP",20,1,1,1
,"MARIA C N DE SOUZA, C E-EF ETI",23,2,1,1
,"MONTEIRO LOBATO, C E-EF ETI EM P",10,1,1,1
,"MONTEIRO LOBATO, C E-EF M PROFIS",49,3,1,1
,"NEIDE BERTASSO BERALDO, C E-EF M PROFIS",47,3,1,1
,"OLAVO BILAC, C E-EF M",30,2,1,1
,"OLAVO BILAC, C E-EF M ETI P N",17,1,1,1
,"PAICANDU, C E-EF M N PROFIS",37,2,1,1
,"PARIGOT DE SOUZA, C E-EF M P N",111,4,1,1
,"PEDRO I, C E D-E M PROFIS",24,2,1,1
,"PEDRO V PARIGOT SOUZA, C E C-M-EF M P",25,2,1,1
,"POL MILITAR, C DA-EF M",19,1,1,1
,"RODRIGUES ALVES, C E-EF M ETI",18,1,1,1
,"ROMARIO MARTINS, C E-EF ETI EM",37,2,1,1
,"RUI BARBOSA, C E-EF M",6,1,1,1
,"RUI BARBOSA, C E-EM ETI",25,2,1,1
,"SANTA MARIA GORETTI, C E-EF M PROFIS",33,2,1,1
,"SAO FRANCISCO DE ASSIS, C E-EF M ETI",9,1,1,1
,"SAO VICENTE PALLOTTI, C E C-M-EF M P",4,1,1,1
,"SERAFIM FRANCA, C E C-M-EF M PROFIS",13,1,1,1
,"SILVIO M BARROS, C E-EF M",24,2,1,1
,"TANCREDO DE A NEVES, C E-EF M PROFIS",7,1,1,1
,"TANIA V FERREIRA, C E-EF M PROFIS",25,2,1,1
,"TEREZA CRISTINA, C E C-EF M",19,1,1,1
,"THEOBALDO M SANTOS, C E-EF M",41,3,1,1
,"TOMAZ E DE A VIEIRA, C E C-M-EF M PROFIS",22,2,1,1
,"UNIDADE POLO, C E-EF M ETI P",14,1,1,1
,"URBANO PEDRONI, C E-EM ETI",19,1,1,1
,"VERA CRUZ, C E-EF M ETI P N",17,1,1,1
,"VERCINDES G DOS REIS, C E C-M-EF M PROFI",31,2,1,1
,"VINICIUS DE MORAES, C E C-M-EF M",41,3,1,1
PARANAGUA,"29 DE ABRIL, C E C-M-EF M P",9,1,1,1
,"ALBERTO GOMES VEIGA, C E-EM PROFIS",66,4,1,1
,"ALEXANDRA, C E C DE-EF M PROFIS",5,1,1,1
,"ALTAHIR GONCALVES, C E PROFA-EF M",11,1,1,1
,"ANIBAL KHURY, C E DEP-E F M P",9,1,1,1
,"ANTONIO PAULO LOPES, C E C-EF M",1,1,1,1
,"ARTHUR M RAMOS, C E DR-EF M",10,1,1,1
,"BENTO M DA ROCHA NETO, C E-EF M P",11,1,1,1
,"CARMEN COSTA ADRIANO, C E PROF-EFMP",13,1,1,1
,CENTRO EST ED PROFIS DR BRASILIO MACHADO,21,2,1,1
,"CIDALIA REBELLO GOMES, C E-E F M P",26,2,1,1
,"CUBATAO, C E C - EF ETI EM",5,1,1,1
,"FELIPE VALENTIM, C E C -EF M",1,1,1,1
,"GABRIEL DE LARA, C E-EF M PROF",23,2,1,1
,"GRATULINO DE FREITAS, C E-EF M N PROF",10,1,1,1
,"HELENA VIANA SUNDIN, C E C-M-EF M",13,1,1,1
,"HELIO ANTONIO DE SOUZA, C E C-M-EF M",13,1,1,1
,"HIRAM ROLIM LAMAS, C E C - EFM ETI",4,1,1,1
,"ILHA DE SUPERAGUI, C E C-EF M",3,1,1,1
,"ILHA DO TEIXEIRA, C E DO C EF M",1,1,1,1
,"ILHA RASA, C E C-EF M",4,1,1,1
,INST E ED DR CAETANO M ROCHA-EF M N P,20,1,1,1
,"JOAQUIM DA S MAFRA, C E PREF-EF M PROF",17,1,1,1
,"JOSE BONIFACIO, C E C-M - EFM ETI P",11,1,1,1
,"LUCY R M E SILVA, C E C-EF M",2,1,1,1
,"MARCILIO DIAS, C E-EF M N",10,1,1,1
,"MARIA ARMINDA, C E PROF-EF M PROFIS",9,1,1,1
,"MARIA DE L R MOROZOWSKI, C E PROF-EF M P",21,2,1,1
,"MARIA HELENA T LUCIANO,CE C-M PROF-EFMNP",13,1,1,1
,"MOYSES LUPION, C E C-M-EF M N PROFIS",10,1,1,1
,"MUSTAFA SALOMAO, C E-EF M",9,1,1,1
,"OSNY DAVID FRAGA, C E VER-EM",16,1,1,1
,"PAULO FREIRE, C E PROF-E F M ETI N",20,1,1,1
,"PORTO SEGURO, C E-EF M PROFIS",17,1,1,1
,"RENEE CARVALHO DE AMORIM, C E PROF-EFM P",11,1,1,1
,"ROCHA POMBO, C E-EF M ETI PROF",10,1,1,1
,"ROCHA POMBO, C E-EF M N PROFIS",9,1,1,1
,"SERTAOZINHO, C E C-M-EF M N PROFIS",16,1,1,1
,"SULLY DA R VILARINHO, C E PROFA-EF M",11,1,1,1
,"TAGACABA PORTO DA LINHA, C E C DE-EF M",7,1,1,1
,"TEREZA DA S RAMOS, C E PROFA-EF M",46,3,1,1
,"VIDAL VANHONI, C E C-M PROF -EFM",5,1,1,1
,"ZILAH DOS S BATISTA, CEC-M PROFA-EFMP",13,1,1,1
,"ZILDA ARNS NEUMANN, C E DRA-EF M",22,2,1,1
PARANAVAI,"ADELIA ROSSI ARNALDI, C E C-EF M",3,1,1,1
,"ANTONIO TORTATO, C E-EM N PROFIS",114,4,1,1
,"BENTO M DA R NETO, C E PROF-EF M PROFIS",57,3,1,1
,"CAETANO M DA ROCHA, C E DR-EF M",7,1,1,1
,"CARLOS GOMES, C E-EF M",1,1,1,1
,"CAXIAS, C E DQ DE-EF M ETI",11,1,1,1
,CEEPA IRINEU MENEGUETTE,5,1,1,1
,"CURITIBA, C E-EF M ETI",19,1,1,1
,"DUILIO T BELTRAO, C E DR-EF M ETI",27,2,1,1
,"ENIRA MORAES RIBEIRO, C E-EF M ETI",5,1,1,1
,"HERVAL, C E MQ DE-EF M",12,1,1,1
,"HUMBERTO A C BRANCO, C E-EF M",16,1,1,1
,"JAMES P CLARK, C E-EF M N",34,2,1,1
,"JOSE DE ANCHIETA, C E C-EF M",13,1,1,1
,"LEONEL FRANCA, C E C-M-EF M PROFIS",4,1,1,1
,"LOURDES A MELO, C E-EF M ETI",5,1,1,1
,"LYSIMACO F DA COSTA, C E-EF M ETI",24,2,1,1
,"MARINS A DE CAMARGO, C E DR-EF M PROFIS",53,3,1,1
,"MONTOIA, C E PE-EF ETI EM",7,1,1,1
,"OLAVO BILAC, C E-EF M",10,1,1,1
,"PARAISO DO NORTE, C E-EF M N",18,1,1,1
,"PARANAVAI, C E DE-EF M N PROFIS",37,2,1,1
,"PEDRO V P DE SOUZA, C E-EF ETI EM",1,1,1,1
,"RAINHA DA PAZ, C E-EF M PROFIS",34,2,1,1
,"RIO BRANCO, C E BAR DO-EF M ETI",14,1,1,1
,"ROMARIO MARTINS, C E DR-EF M ETI",34,2,1,1
,"SANTA INES, C E-EF M",14,1,1,1
,"SAO CARLOS DO IVAI, C E-EF M ETI",13,1,1,1
,"SAO VICENTE DE PAULA, C E-EF M N PROFIS",54,3,1,1
,"SILVIO VIDAL, C E C-M-EF M PROFIS",17,1,1,1
PATO BRANCO,"ABILIO CARNEIRO, C E-EFMNP",14,1,1,1
,"AGOSTINHO PEREIRA, C E PROF-EF M PROFIS",10,1,1,1
,"ALTO DA GLORIA, C E-EF M PROFIS",3,1,1,1
,"ANDRE GUIMARAES SOBRAL, C E C ENG-EF M",6,1,1,1
,"ANTONIO ARTEMIO FRANCA, C E C-EF M",16,1,1,1
,"ARNALDO BUSATO, C E-EF M N PROFIS",10,1,1,1
,"ARTHUR C E SILVA, C E PRES-EF M PROFIS",9,1,1,1
,"CANDIDO ROSSONI, C E C-EF M",3,1,1,1
,"CARLOS GOMES, C E-EF M PROFIS",7,1,1,1
,"CARLOS, C E D-EF ETI EM N P",1,1,1,1
,"CARMELA BORTOT, C E C-M-EF M",4,1,1,1
,"CASTELO BRANCO, C E C-EF M ETI",4,1,1,1
,"CASTELO BRANCO, C E C-M PRES-E F M",3,1,1,1
,"CASTELO BRANCO, C E-EF ETI EM P",7,1,1,1
,"CASTELO BRANCO, C E-EF M",5,1,1,1
,"CASTRO ALVES, C E C-M-EF M",8,1,1,1
,"CAXIAS, C E DO C DQ-EF M",1,1,1,1
,"CAXIAS, C E DQ DE-EF M PROFIS",5,1,1,1
,"CELY TEREZA GREZZANA, C E C-EF ETI EM",5,1,1,1
,CENTRO EST EDUC PROFIS ASSIS BRASIL,30,2,1,1
,"CRISTO REI, C E-EF M",4,1,1,1
,"DORIVAL CORDEIRO, C E DO C PROF-EF M",4,1,1,1
,"EDUARDO, C E C-M MONS-EF M PROFIS",2,1,1,1
,"HENRIQUE VICENZI, C E PE-EF M N PROFIS",4,1,1,1
,"HERCILIA F NASCIMENTO, CE PROF-EFM ETI P",2,1,1,1
,"ISIDORO DUMONT, E E C-M IR-EFM",6,1,1,1
,"JOAO PAULO I, C E C-EF M",3,1,1,1
,"JOAO XXIII, C E-EF M ETI P",10,1,1,1
,"JOSE ARMIM MATTE, C E-EF M N PROFIS",22,2,1,1
,"JOSE O BERTONCELLO, C E PROFESSOR-EF M",4,1,1,1
,"MISAEL F ARAUJO, C E CEL-EF M N PROFIS",23,2,1,1
,"MONTEIRO LOBATO, C E C-EF M",9,1,1,1
,"NESTOR DE CASTRO, C E-EF M",10,1,1,1
,"NOVA VISAO, C E C-M-EF M PROFIS",4,1,1,1
,"NUCLEO DE SANTA LUCIA, C E DO C DO-EF M",2,1,1,1
,"ORESTES TONET, C E DO C PROF-EF M",4,1,1,1
,"PATO BRANCO, C E DE-EF M PROFIS N",38,2,1,1
,"PAULO FREIRE, C E DO C-EF M",4,1,1,1
,"POL MILITAR, C DA-EF M",6,1,1,1
,"PONCIANO J DE ARAUJO, C E PE-E F M P",4,1,1,1
,"PROJETO RONDON, C E-EF M PROFIS",11,1,1,1
,"RUI BARBOSA, C E C-M-EF M",2,1,1,1
,"SANTA CATARINA, C E-EF M P N",6,1,1,1
,"SANTA INES, C E C-EF ETI EM",6,1,1,1
,"SAO JOAO BOSCO, C E C-M-EF M P",23,2,1,1
,"SAO JOAO, C E-EF M ETI",2,1,1,1
,"SAO LUIS, C E DO C-EF M",5,1,1,1
,"SAO ROQUE, C E DO C-EF ETI EM",12,1,1,1
,"SAO VICENTE DE PAULO, C E-EF M PROFIS",10,1,1,1
,"SEBASTIAO PARANA, C E C-M-EF M PROFIS",8,1,1,1
,"TANCREDO NEVES, C E C-M-EF M",12,1,1,1
,"TANCREDO NEVES, C E-EF M PROFIS",9,1,1,1
,"TEREZINHA R DA ROCHA, CE PROFA-EF ETI EM",1,1,1,1
,"VERA TUPA, C E IND-EI EF M",1,1,1,1
,"VILMA S DISSENHA, C E C PROFA-EF M",4,1,1,1
PITANGA,"ADELIA BIANCO SEGURO, C E-EF M ETI P",7,1,1,1
,"ADONIS MORSKI, C E-EF M PROFIS",13,1,1,1
,"ANTONIO DORIGON, C E-EF M PROFIS",29,2,1,1
,"ARI KFFURI, C E C-EF M",9,1,1,1
,"ARROIO GRANDE, C E C-EF M",21,2,1,1
,"AURELIO B DE HOLANDA, C E C - E F M",27,2,1,1
,"BELA VISTA, C E C-EF M",7,1,1,1
,"CARLOS D DE ANDRADE, C E -EF ETI EM",16,1,1,1
,CENTRO EST ED PROFIS PF MIGUEL C PAROLO,3,1,1,1
,"CHAPADAO, C E C - EF M",2,1,1,1
,"ESTRELA DO OESTE, C E C-EF M",15,1,1,1
,"FRANCISCO C DA COSTA, C E C-EF M",1,1,1,1
,"JOAO C DA COSTA, C E C-M-EF M",19,1,1,1
,"JOAO CIONEK, C E C-EF ETI EM P",11,1,1,1
,"JOAO F NEVES, C E DR-EF M N P",9,1,1,1
,"JOAO PAULO II, C E-EF M",25,2,1,1
,"JOSE DE ANCHIETA, C E-EF M ETI",47,3,1,1
,"JULIA H DE SOUZA, C E PROFA-EF M ETI",4,1,1,1
,"LARANJAL, C E DE-E F M P",45,3,1,1
,"NATAL PONTAROLO, C E C-EF M",2,1,1,1
,"OLIDIA ROCHA, C E C -E F M",2,1,1,1
,"PEDRO I, C E C-M D-EF M PROFIS",22,2,1,1
,"RIO DO MEIO, C E C DO-EF M",6,1,1,1
,"SAO MANOEL, C E C DE-EF M",4,1,1,1
,"SITIO BOA VENTURA, C E C-EF ETI EM",2,1,1,1
,"VICTOR C DE ALMEIDA, C E C PE-EF M",1,1,1,1
,"VINICIUS DE MORAES, C E C-E F M",3,1,1,1
,"ZELIO DZIUBATE, C E C-EF M",2,1,1,1
,"ZUMBI DOS PALMARES, C E C-EF M",4,1,1,1
PONTA GROSSA,"31 DE MARCO, C E-E F M P",16,1,1,1
,"ADELAIDE W PRINS, C E DO C PROF-EF M",11,1,1,1
,"ALBERTO GONCALVES, C E D-EF M PROFIS N",24,2,1,1
,"ALBERTO REBELLO VALENTE, C E-EF M ETI",13,1,1,1
,"ALCIDES MUNHOZ, C E C-M-EF M",5,1,1,1
,"AMALIO PINHEIRO, C E PROF-EF M ETI",10,1,1,1
,"AMANDA CARNEIRO DE MELLO, CE-EF ETI EM P",29,2,1,1
,"AMAZONAS, C E C-M CEL-EF M P",15,1,1,1
,"AMELIA M BARRETO VAZ, CE PROF-EFM ETI P",1,1,1,1
,"ANA DIVANIR BORATTO, C E-EFM",10,1,1,1
,"ANTONIO E MARCOS CAVANIS, C E-EF M PROFI",48,3,1,1
,"ANTONIO SAMPAIO, C E C-M GAL-EF M",11,1,1,1
,"ARGEMIRO L DE LIMA, C E DO C PROF-EFMP",22,2,1,1
,"ARNALDO JANSEN, C E PE-EF M PROFIS",25,2,1,1
,"ARTHUR DA C E SILVA, C E-EF ETI EM P",13,1,1,1
,"BALDOMERO B TAQUES, C E C C-M-EF M",11,1,1,1
,"BECKER E SILVA, C E C-M PROF-EF M PROFIS",10,1,1,1
,"BRASILIO A DA SILVA, C E C-E F M",15,1,1,1
,"CARLOS VENTURA, C E-EF M PROFIS",18,1,1,1
,"CARLOS ZELESNY, C E C-M PE-EF M P",5,1,1,1
,"CASTROLANDA, C E DO C-EF M",7,1,1,1
,CENTRO EST EDUC PROF AGR AUGUSTO RIBAS,26,2,1,1
,CENTRO EST EDUC PROFIS AG GETULIO VARGAS,32,2,1,1
,CENTRO EST EDUC PROFIS DE PONTA GROSSA,61,4,1,1
,CENTRO EST EDUC PROFIS OLEGARIO MACEDO,45,3,1,1
,"CLAUDINO DOS SANTOS, CE DR-EF M PROFIS",25,2,1,1
,"COLARES, C E C-M PROF-EF M",42,3,1,1
,"CORREIA, C E SEN-EF M ETI P",10,1,1,1
,"DAVID CARNEIRO, C E CEL-EF M ETI P",7,1,1,1
,"DORAH G DAITSCHMAN, C E-EF M ETI P",5,1,1,1
,"DOROTEU DE PADUA, C E C-M FR-EF M PROFIS",4,1,1,1
,"EDINA W SVIERCOSKI, C E C PROFA-EF M P",9,1,1,1
,"ELZIRA C DE SA, C E PROFA-EF M PROFIS N",53,3,1,1
,"EPAMINONDAS N RIBAS, C E C-M DR-EF M P",18,1,1,1
,"EUGENIO MALANSKI, C E PROF-EF M",32,2,1,1
,"EURICO BATISTA ROSAS, C E C-M-EF M",8,1,1,1
,"FRANCISCO NEVES FILHO, C E-EF M N PROFIS",32,2,1,1
,"FRANCISCO PIRES MACHADO, C E-EF ETI EM P",11,1,1,1
,"FRITZ KLIEWER, C E C-EF M",7,1,1,1
,"HENRIQUE DENCK, C E C -EFM",4,1,1,1
,"HENRIQUE STADLER, C E C-EF M",11,1,1,1
,"INE MESSIAS ERDMANN, C E PROFA-EF M",2,1,1,1
,INST ED E PROF CESAR P MARTINEZ-F M N P,86,4,1,1
,"IRENIO M NASCIMENTO, C E-EF M N PROFIS",4,1,1,1
,"JEOCONDO WALDEMAR BOBATO, C E C -EFMP",4,1,1,1
,"JOANA T PEREIRA, C E C-M PROFA - EF M",11,1,1,1
,"JOAO FRANCISCO DA SILVA, C E C-EF M",6,1,1,1
,"JOAO R V B DU VERNAY,CE PROF-EF M PROFIS",39,2,1,1
,"JORGE Q NETTO, C E-EF M P N",36,2,1,1
,"JOSE ELIAS DA ROCHA, C E C-M-EF M PROFIS",22,2,1,1
,"JOSE GOMES DO AMARAL, C E PROF-EFMP",8,1,1,1
,"JULIA WANDERLEY, C E-EF M PROFIS",13,1,1,1
,"KENNEDY, C E PRES-EFMPN",24,2,1,1
,"LEANDRO M DA COSTA, C E C-M PROF-EF M P",24,2,1,1
,"LEOPOLDINA B PEDROSO, C E PROFA-EF M PRO",28,2,1,1
,"LINDA S BACILA, C E PROFA-EF M PROFIS",7,1,1,1
,"LUIZ DE JESUS CORREIA, C E C - E F M",2,1,1,1
,"LUSTOSA, C E C DE-EF M",11,1,1,1
,"MARIA AP NISGOSKI, C E PROFA-EF M PROFIS",25,2,1,1
,"MENELEU A TORRES, C E PROF-EF ETI EM P",49,3,1,1
,"MUNHOZ DA ROCHA, C E DO C DR-EF M",17,1,1,1
,"NICOLAU BALTASAR, C E PE-EF M",20,1,1,1
,"NICOLAU HAMPF, C E C-M PROF-EF M",4,1,1,1
,"NOSSA SRA DA GLORIA, C E C-M-EF M",5,1,1,1
,"NOSSA SRA DAS GRACAS, C E-EF M PROFIS",8,1,1,1
,"OSORIO, C E C-M GAL-EF M PROFIS",10,1,1,1
,"PEDRO GRZELCZAKI, C E PE-EF M",2,1,1,1
,"PINHEIRAL DE BAIXO, C E C DE-EF M",4,1,1,1
,"POLIVALENTE, C E-EF ETI EM P N",72,4,1,1
,"REGENTE FEIJO, C E-EMP",31,2,1,1
,"SAGRADO CORACAO DE MARIA, C E C-EF M",6,1,1,1
,"SALVADOR A SOBRINHO, C E C PROF-EF M",9,1,1,1
,"SANTA MARIA, C E-EF M",37,2,1,1
,"SANTO ANTONIO, C E-EF M PROFIS",35,2,1,1
,"SAO JUDAS TADEU, C E C-M-EF M PROF",3,1,1,1
,"SIRLEY JAGAS, C E PROFA-EF M PROFIS",21,2,1,1
,"VESPASIANO C MELLO,C E MJR-EF M PROFIS N",33,2,1,1
,"VILA PALMIRA, C E C DE-EF M",1,1,1,1
,"ZILDA ARNS NEUMANN, C E C DRA - EFM",7,1,1,1
TELEMACO BORBA,"ALBERTO DA SILVA PARANA, C E-EF M PROFIS",29,2,1,1
,"ALTAIR MONGRUEL, C E-EF M PROFIS",47,3,1,1
,"ANADIR M DA COSTA, C E C PROFA-E F M",1,1,1,1
,"ANISIO AFONSO FERREIRA, C E C-EF M",1,1,1,1
,"BENTO M ROCHA NETTO, C E C DR-EF M",17,1,1,1
,CENTRO EST EDUC PROFIS AG PADRE SASAKI,16,1,1,1
,CENTRO EST EDUC PROFIS FL AG DE ORTIG,82,4,1,1
,"CUSTODIO NETTO, C E C-M PROF-EF M PROFIS",21,2,1,1
,"EFIGENIA DE PAULA LUZ, C E C - E F M",1,1,1,1
,"GABRIEL ROSA, C E PROF-EF M PROFIS",50,3,1,1
,"GREGORIO SZEREMETA, C E C-M-EF M P",5,1,1,1
,"GREGORIO TEIXEIRA, C E-EF M",5,1,1,1
,"HELENA R FIORAVANTE, C E PROFA-EF M",24,2,1,1
,"IZAIAS RAFAEL DA SILVA, C E C-EFM",4,1,1,1
,"JARDIM ALEGRE, C E C-M-EF M PROFIS",25,2,1,1
,"JOSE DE ALENCAR, C E C-M-EF M",10,1,1,1
,"MACHADO DE ASSIS, C E C-EF M",3,1,1,1
,"MANOEL A GOMES, C E-EF M PROFIS",14,1,1,1
,"MARCELINO NOGUEIRA, C E C-M DR-EF M",7,1,1,1
,"MARIA AP M S PEREIRA, C E C-M PROFA-EF M",6,1,1,1
,"MARIA DAS G C DI MARIO, C E PROFA -EFMP",8,1,1,1
,"MARIA DIVA R DE PROENCA, C E C-EF M",4,1,1,1
,"MARIA L GUIMARAES, C E-EF M P",32,2,1,1
,"MONJOLINHO, C E C-EF M",6,1,1,1
,"PEDRO MARCONDES RIBAS, C E C-EF M",28,2,1,1
,"PLINIO FRANCO F DA COSTA, C E C-EF M",4,1,1,1
,"SAO FRANCISCO DE ASSIS, C E-E F M ETI P",3,1,1,1
,"SAO PEDRO, C E C-M-EF M",6,1,1,1
,"SAPOPEMA, C E-EF M PROFIS",17,1,1,1
,"TANCREDO A NEVES, C E C DR-EF M",12,1,1,1
,"TANCREDO NEVES, C E PRES-EF M PROFIS",20,1,1,1
,"TEOFILA NASSAR JANGADA, C E C-EF M",5,1,1,1
,"TEOTONIO VILELLA, C E C DR-EF M",1,1,1,1
,"TEREZINHA L OLIVEIRA, C E C-EF M ETI",7,1,1,1
,"VARGAS, C E C-M PRES-EF M PROFIS",14,1,1,1
,"VISTA ALEGRE, C E C -EI EF M",10,1,1,1
,"WOLFF KLABIN, C E-EF M N PROFIS",36,2,1,1
TOLEDO,"ADROALDO A COLOMBO, C A E - ED PROFISS",48,3,1,1
,"ANTONIO CARLOS GOMES, C E-EF M ETI",5,1,1,1
,"ANTONIO J REIS, C E C-M-EF M",19,1,1,1
,"ANTONIO M CERETTA, C E-EF M ETI P",1,1,1,1
,"ARANDU GUARANI, C E I-EI EF M",3,1,1,1
,"ARTHUR C E SILVA, C E PRES-EF M",42,3,1,1
,"ATTILIO FONTANA, C E SEN-EF M ETI P",27,2,1,1
,"AUGUSTINHO DONIN, C E-EF M",26,2,1,1
,"AYRTON SENNA DA SILVA, C E-EF M PROFIS",29,2,1,1
,"CASTELO BRANCO, C E PRES-EM N PROFIS",137,4,1,1
,"CASTRO ALVES, C E-EF M",2,1,1,1
,CENTRO EST EDUC PROFIS PAULO R SOUZA,51,3,1,1
,"DARIO VELLOZO, C E-EF M PROFIS",9,1,1,1
,"DIAMANTE D OESTE, C E-EF ETI EM",22,2,1,1
,"DOMINGOS FCO ZARDO, C E-EF M",22,2,1,1
,"ERON DOMINGUES, C E-EF M N PROFIS",11,1,1,1
,"ESPERANCA F COVATTI, C E-EF M",11,1,1,1
,"EUGENIO GARMATZ, C E DO C PROF-EF ETI EM",6,1,1,1
,"EVALDO TALYULY, C E DO C-EF M",5,1,1,1
,"FRANCISCO G DE LIMA, C E VER-EF M",1,1,1,1
,"FRENTINO SACKSER, C E C-M-EF M PROF",6,1,1,1
,"GASPAR DUTRA, C E MAL-EF M PROFIS",35,2,1,1
,"HUMBERTO DE A C BRANCO, C E-M N PROFIS",31,2,1,1
,"ILDO JOSE FRITZEN, C E PROF-EF ETI EM",7,1,1,1
,"JAIME RODRIGUES, C E C-M PROF-EF M",8,1,1,1
,"JARDIM EUROPA, C E-EF M PROFIS",30,2,1,1
,"JARDIM GISELLA, C E-EF ETI M",5,1,1,1
,"JARDIM MARACANA, C E C-M-EF M",6,1,1,1
,"JARDIM PORTO ALEGRE, C E-EF M ETI P",24,2,1,1
,"JARDIM ZEBALLOS, C E C-M-EF M PROFIS",2,1,1,1
,"JOAO ARNALDO RITT, C E C-M-EF M",5,1,1,1
,"KUAA MBO E, C E I-EI EF M",7,1,1,1
,"LEONILDA PAPEN, C E-EF M",24,2,1,1
,"LUIZ AUGUSTO M REGO, C E C-M-EF M PROFIS",2,1,1,1
,"MARGARIDA, C E DO C-EF M",4,1,1,1
,"MENDES GONCALVES, C E-EF ETI EM P",37,2,1,1
,"MONTEIRO LOBATO, C E-EF M ETI",17,1,1,1
,"NILSO FRANCESKI, C E DO C PROF-EFM",9,1,1,1
,"NOVO HORIZONTE, C E C-M-EF M PROFIS",3,1,1,1
,"NOVO SARANDI, C E DO CAMPO C-M -EFM",2,1,1,1
,"OURO VERDE, C E DE-EF M PROFIS",18,1,1,1
,"PATO BRAGADO, C E-EF ETI EM PROFIS",4,1,1,1
,"PIO XII, C E-EF M PROFIS",15,1,1,1
,"QUATRO PONTES, C E-EF ETI EM",11,1,1,1
,"RIO BRANCO, C E C-M BAR DO-EF M",45,3,1,1
,"RONDON, C E C-M MAL-EF M",13,1,1,1
,"ROOSEVELT, C E PRES-EF M N PROFIS",31,2,1,1
,"SAMUEL BENCK, C E DO C VER-EF M",2,1,1,1
,"SANTA RITA D OESTE, C E C-EF ETI EM",5,1,1,1
,"SANTO AGOSTINHO, C E-EF M ETI P N",43,3,1,1
,"SANTOS DUMONT, C E C-EF M",52,3,1,1
,"SAO JOSE, C E-EF ETI EM",33,2,1,1
,"SAO PEDRO, C E-EF ETI EM",18,1,1,1
,"SAO ROQUE, C E C-E F M P",3,1,1,1
,"TOLEDO, C A E DE-EM PROF INTEGRADO",48,3,1,1
,"VERONICA ZIMERMANN, C E C PROFA-EF M",10,1,1,1
UMUARAMA,"ALTO PIQUIRI, C E-EF ETI EM P",9,1,1,1
,"ANA NERI, C E-EF ETI EM",14,1,1,1
,"ANCHIETA, C E C-M-EF M N",25,2,1,1
,"ANTENOR P DOS SANTOS, C E DR-EF ETI EM",15,1,1,1
,"ANTONIO F F COSTA, C E DES-EF M PROFIS",34,2,1,1
,"ARTHUR DA C SILVA, C E MAL-EF ETI EM",6,1,1,1
,"BAIRRO CATARINENSE, C E C DO-EF M",21,2,1,1
,"BENTO MOSSURUNGA, C E-EF ETI EM N P",50,3,1,1
,"CARBONERA, C E C-EF M",7,1,1,1
,"CAXIAS, C E DQ DE-EF M PROFIS",29,2,1,1
,"CLEORACY APARECIDA GIL, C E-EF M PROF",21,2,1,1
,"CRUZEIRO DO OESTE, C E C-M-EF M PROFIS",11,1,1,1
,"DOURADINA, C E C-M-EF M PROFIS",9,1,1,1
,"GETULIO VARGAS, C E C PRES-EF M",7,1,1,1
,"HILDA TRAUTWEIN KAMAL, CE PROF-EFM ETI P",9,1,1,1
,"IPORA, C E DE-E F M P",68,4,1,1
,"JOAO XXIII, C E PAPA-E M ETI N P",41,3,1,1
,"JOSE BALAN, C E VER-EF ETI EM P",9,1,1,1
,"LEONIDIA PACHECO, C E PROFA-EF M",21,2,1,1
,"LOURENCO FILHO, C E-EF ETI EM",6,1,1,1
,"LOVAT, C E-EF M",7,1,1,1
,"LUCIA A DE OLIVEIRA SCHOFFEN, C E-EF M",7,1,1,1
,"MALBA TAHAN, C E-EF ETI EM N P",68,4,1,1
,"MANUEL DA NOBREGA, C E C-M PE-EF M",6,1,1,1
,"MONTEIRO LOBATO, C E C-M-EF M PROFIS",6,1,1,1
,"NEIVA PAVAN M GARCIA, C E PROFA - EF M",37,2,1,1
,"NESTOR VICTOR, C E C-M -EFMNP",15,1,1,1
,"PARQUE JABUTICABEIRA, C E-EF M",2,1,1,1
,"PAULO A TOMAZINHO, C E PROF-EF M PROFIS",34,2,1,1
,"PAULO VI, C E-EF ETI EM P",12,1,1,1
,"PEDRO II, C E-EF M PROFIS",23,2,1,1
,"PETRONIO PORTELA, C E MIN-EF M P",17,1,1,1
,"RACHEL DE QUEIROZ, C E-EF M N",4,1,1,1
,"SANTA ELIZA, C E-EF M ETI",9,1,1,1
,"SAO JOSE, C E-EF M",33,2,1,1
,"TAMANDARE, C E ALM-EFM ETI P",10,1,1,1
,"TIRADENTES, C E-EF ETI EM P",7,1,1,1
,"TIRADENTES, C E-EF M PROFIS",3,1,1,1
,"UMUARAMA, C A E DE-E PROFIS",13,1,1,1
,"VICENTE TOMAZINI, C E-E F M P",9,1,1,1
,"VILA ALTA, C E-EF M",2,1,1,1
,"ZILDA ARNS, C E C-M DRA- EF M PROFIS",9,1,1,1
UNIAO DA VITORIA,"ADILES BORDIN, C E-E F M P",7,1,1,1
,"ANA BOICO OLINQUEVICZ, C E-EF ETI EM",3,1,1,1
,"ANIZ DOMINGOS, C E C PROF-EF ETI EM",2,1,1,1
,"ASTOLPHO MACEDO SOUZA, C E-E F M P",9,1,1,1
,"CASIMIRO DE ABREU, C E-EF M",4,1,1,1
,"CAXIAS, C E C DQ-EF M",8,1,1,1
,"CAXIAS, C E DQ DE-EF M PROFIS",22,2,1,1
,"CECILIA MEIRELES, C E DO C-EF M",20,1,1,1
,CENTRO EST ED PROF AGR SAO MATEUS SUL,10,1,1,1
,CENTRO EST EDUC PROF AGR CRUZ MACHADO,5,1,1,1
,"CERRO AZUL, C E BAR DO-EF M N PROFIS",4,1,1,1
,"CLARA, C E DO C IR-EF M",12,1,1,1
,"ERNESTINA W DA SILVEIRA, C E DO C P-EFMP",9,1,1,1
,"ESTANISLAU WRUBLEWSKI, C E DO C P-EF M P",11,1,1,1
,"EUGENIO DE ALMEIDA, C E DO C PROF-EF M P",12,1,1,1
,"FRANCISCO GAWLOUSKI, C E C PROF-EF M",4,1,1,1
,"GIUSEPPE BUGATTI, C E PE-EF ETI EM",14,1,1,1
,"INOCENCIO DE OLIVEIRA, C E-EF M ETI",14,1,1,1
,"JOAO DE LARA, C E DO C-EI EF M",5,1,1,1
,"JOSE DE ANCHIETA, C E-EF M ETI P",20,1,1,1
,"JUDITH SIMAS CANELLAS, C E-EF M",5,1,1,1
,"LAJEADO, C E DO C DO-EF ETI EM",2,1,1,1
,"MARINA MARES DE SOUZA, C E-EF M",14,1,1,1
,"NEUSA DOMIT, C E-EF M PROFIS",10,1,1,1
,"NOVO MILENIO, C E C-M-EF M",26,2,1,1
,"ORLANDA D SANTOS, C E PROFA-EF M",3,1,1,1
,"PAULO STENCEL, C E PROF-EF M",7,1,1,1
,"PEDRO ARAUJO NETO, C E-EF M N PROFIS",64,4,1,1
,"PEDRO BUSKO, C E MONS-EF M PROFIS",13,1,1,1
,"PEDRO STELMACHUK, C E-EF M",22,2,1,1
,"POL MILITAR DE UNIAO D VITORIA,C DA-EF M",19,1,1,1
,"RIO VERMELHO, C E DO C-EF M",9,1,1,1
,"SANTA BARBARA, C E-EF M N PROFIS",31,2,1,1
,"SANTA IZABEL, C E C-EF M",1,1,1,1
,"SAO CRISTOVAO, C E-EF M PROFIS",41,3,1,1
,"SAO FRANCISCO DE ASSIS, C E C-EF M",3,1,1,1
,"SAO MATEUS, C E-EF ETI M P N",45,3,1,1
,"TULIO DE FRANCA, C E-EF ETI EM N P",67,4,1,1
,"TURVO, C E DO C-EF M",9,1,1,1
,"ZULEIDE S PORTES, C E PROF-EF M",2,1,1,1
WENCESLAU BRAZ,"ANITA CANET, C E C-M-EF M",17,1,1,1
,"ANITA GRANDI SALMON, C E-EF ETI EM P",43,3,1,1
,"ANTONIO DELFINO FRAGOSO, C E-EF M",51,3,1,1
,"CALOGERAS, C E DO C DE-EF M ETI",6,1,1,1
,"CARMELINA F PEDROSO, C E-EF M ETI PROF",19,1,1,1
,CENTRO EST EDUC PROFIS DE ARAPOTI,44,3,1,1
,"CERRADO DAS CINZAS, C E DO C-EF M",1,1,1,1
,"COSTA E SILVA, C E PRES-EF M N",19,1,1,1
,"COSTA NETO, C E CEL-EF M",18,1,1,1
,"ERASMO BRAGA, C E PROF-EF ETI EM P",14,1,1,1
,"FRANCISCO DA S REIS, C E DO C PROF-EF M",8,1,1,1
,"HUMBERTO DE A C BRANCO, C E DO C-EF M P",10,1,1,1
,"JOAO PAULO II, C E C-M-EF M",56,3,1,1
,"JOSE DE ANCHIETA, C E PE-EF M PROFIS",31,2,1,1
,"MARIA I GUIMARAES, C E-EM PROFIS",23,2,1,1
,"MIGUEL NASSIF MALUF, C E C-M-EF M",13,1,1,1
,"MILTON SGUARIO, C E C-EF M PROFIS",6,1,1,1
,"NEWTON SAMPAIO, C E C-M-EF M",6,1,1,1
,"NILO PECANHA, C E-EF M PROFIS",15,1,1,1
,"OLAVO BILAC, C E C-M-EF M",11,1,1,1
,"RODRIGUES ALVES, C E-EF M ETI N PROF",29,2,1,1
,"RUI BARBOSA, C E-EF M N PROFIS",81,4,1,1
,"SEBASTIAO PARANA, C E DR-EM PROFIS N",42,3,1,1
,"ZELIA DE M SANTOS, CEC PROF-EF ETI EM",29,2,1,1
Total Geral,,30973,,,